<?xml version="1.0" encoding="UTF-8" standalone="yes"?>
<DocumentPaye xmlns="http://www.minefi.gouv.fr/cp/helios/pes_v2/paye_1_1"
              xmlns:xs="http://www.w3.org/2001/XMLSchema"
              xmlns:n="http://www.minefi.gouv.fr/cp/helios/pes_v2/paye_1_1"
              xmlns:added="http://projets.admisource.gouv.fr/xemelios/namespaces#added"
              xmlns:ano="http://projets.admisource.gouv.fr/xemelios/namespaces#anomally">
   <FileName xmlns="http://projets.admisource.gouv.fr/xemelios/namespaces#added" V="paye.xhl"/>
   <IdVer V="1.1"/>
   <Annee V="2011"/>
   <Mois V="8"/>
   <Train V="AGENTS"/>
   <Employeur>
      <Nom V="Conseil Général du Département Test"
           V2="CONSEIL GÉNÉRAL DU DÉPARTEMENT TEST"/>
      <APE V="789A"/>
      <Adresse>
         <TypAdr V="1"/>
         <Adr1 V="45 rue Lord Kitchener"/>
         <Adr2 V=""/>
         <Adr3 V=""/>
         <CP V="77777"/>
         <Ville V="VILLE"/>
         <CodRes V="0"/>
         <CodPays V="100"/>
         <DteAdr V="2012-01-15"/>








      </Adresse>
      <NumUrssaf V="9999999999"/>
      <Siret V="99999999900017"/>




   </Employeur>
   <DonneesIndiv>
      <PayeIndivMensuel added:primary-key="2011-8-604064">
         <Annee V="2011"/>
         <Mois V="8"/>
         <AnneeMois V="201108"/>
         <Agent>
            <Civilite V="MONSIEUR"/>
            <Nom V="XXXXXXXX" V2="XXXXXXXX"/>
            <ComplNom V="XXXXXXX"/>
            <Prenom V="XXXXXXX" V2="XXXXXXX"/>
            <Matricule V="604064" V2="604064"/>
            <NIR V="1234567890123"/>
            <Adresse>
               <TypAdr V="1"/>
               <Adr1 V="XXXXXXXXX"/>
               <Adr2 V="XXXXXXX"/>
               <Adr3 V="XXXXX"/>
               <CP V="77777"/>
               <Ville V="VILLE"/>
               <CodRes V="0"/>
               <CodPays V="100"/>
               <DteAdr V="2005-04-01"/>








            </Adresse>
            <NbEnfants V="0"/>
            <Statut V="NON_TITULAIRE"/>
            <EmploiMetier V="EMPLOI" V2="EMPLOI"/>
            <Grade V="GRADE"/>
            <Echelon V=""/>
            <Indice V=""/>
            <CptBancaire rib="xxxxxXXXXXXXXXXXXXXXX99">
               <IdPayInt V=""/>
               <IdBancInt V=""/>
               <CodeEtab V="xxxxx"/>
               <CodeGuic V="XXXXX"/>
               <IdCpte V="XXXXXXXXXXX"/>
               <CleRib V="99"/>
               <LibBanc V="CREDIT INDUSTRIEL ET COM"/>
               <TitCpte V="XXXXXXXXXXXXXXX"/>
               <DteBanc V="2005-04-01"/>








            </CptBancaire>













         </Agent>
         <Evenement generated-id="d1e117" tag-name="Evenement">
            <Code V="CPS" V2="CPS"/>
            <Description V="CHANGEMENT POSITION STATUTAIRE"/>

         </Evenement>
         <Service V="SERVICE" V2="SERVICE"/>
         <NBI V="0"/>
         <QuotiteTrav V="100"/>
         <Periode>
            <DateDebut V="2005-01-01"/>
            <DateFin V="2005-12-31"/>

         </Periode>
         <Remuneration>
            <RemDivers generated-id="d1e138" tag-name="RemDivers">
               <Libelle V="AIDE RETOUR EMPLOI"/>
               <Code V="334N" V2="334N"/>
               <Base V="0"/>
               <Taux V="0"/>
               <NbUnite V="0"/>
               <Mt V="1455.6"/>
               <CodeCaisse V="AD0001"/>
               <Ordre V="1"/>







            </RemDivers>
            <Deduction generated-id="d1e157" tag-name="Deduction">
               <Libelle V="CSG DEDUCTIBLE CA"/>
               <Code V="806C" V2="806C"/>
               <Base V="1411.93"/>
               <Taux V="3.8"/>
               <NbUnite V="0"/>
               <Mt V="53.65"/>
               <CodeCaisse V="URSSAF"/>
               <Ordre V="6"/>







            </Deduction>
            <Deduction generated-id="d1e176" tag-name="Deduction">
               <Libelle V="R.D.S."/>
               <Code V="844C" V2="844C"/>
               <Base V="1411.93"/>
               <Taux V="0.5"/>
               <NbUnite V="0"/>
               <Mt V="7.06"/>
               <CodeCaisse V="URSSAF"/>
               <Ordre V="5"/>







            </Deduction>
            <Deduction generated-id="d1e195" tag-name="Deduction">
               <Libelle V="C.S.G."/>
               <Code V="869C" V2="869C"/>
               <Base V="1411.93"/>
               <Taux V="2.4"/>
               <NbUnite V="0"/>
               <Mt V="33.89"/>
               <CodeCaisse V="URSSAF"/>
               <Ordre V="5"/>







            </Deduction>



         </Remuneration>
         <NbHeureTotal V="0"/>
         <TauxHor V="0"/>
         <NbHeureSup V="0"/>
         <MtBrut V="1456"/>
         <MtNet V="1300"/>
         <MtNetAPayer V="1300"/>
         <DatePaiement V="2005-04-27"/>
         <MtImposable V="1401.95"/>
         <CumulMtImposable V="1401.95"/>
         <CumulMtBrut V="0"/>
         <CumulBaseSS V="0"/>

















      </PayeIndivMensuel>
   </DonneesIndiv>
</DocumentPaye>