<?xml version="1.0" encoding="UTF-8" standalone="yes"?>
<DocumentPaye xmlns="http://www.minefi.gouv.fr/cp/helios/pes_v2/paye_1_1"
              xmlns:xs="http://www.w3.org/2001/XMLSchema"
              xmlns:n="http://www.minefi.gouv.fr/cp/helios/pes_v2/paye_1_1"
              xmlns:added="http://projets.admisource.gouv.fr/xemelios/namespaces#added"
              xmlns:ano="http://projets.admisource.gouv.fr/xemelios/namespaces#anomally">
   <FileName xmlns="http://projets.admisource.gouv.fr/xemelios/namespaces#added" V="paye.xhl"/>
   <IdVer V="1.1"/>
   <Annee V="2011"/>
   <Mois V="8"/>
   <Train V="AGENTS"/>
   <Employeur>
      <Nom V="Conseil Général du Département Test"
           V2="CONSEIL GÉNÉRAL DU DÉPARTEMENT TEST"/>
      <APE V="789A"/>
      <Adresse>
         <TypAdr V="1"/>
         <Adr1 V="45 rue Lord Kitchener"/>
         <Adr2 V=""/>
         <Adr3 V=""/>
         <CP V="77777"/>
         <Ville V="VILLE"/>
         <CodRes V="0"/>
         <CodPays V="100"/>
         <DteAdr V="2012-01-15"/>








      </Adresse>
      <NumUrssaf V="9999999999"/>
      <Siret V="99999999900017"/>




   </Employeur>
   <DonneesIndiv>
      <PayeIndivMensuel added:primary-key="2011-8-234324">
         <Annee V="2011"/>
         <Mois V="8"/>
         <AnneeMois V="201108"/>
         <Agent>
            <Civilite V="MADAME"/>
            <Nom V="XXXXXXXX" V2="XXXXXXXX"/>
            <ComplNom V="XXXXXXX"/>
            <Prenom V="XXXXXXX" V2="XXXXXXX"/>
            <Matricule V="234324" V2="234324"/>
            <NIR V="1234567890123"/>
            <Adresse>
               <TypAdr V="1"/>
               <Adr1 V="XXXXXXXXX"/>
               <Adr2 V="XXXXXXX"/>
               <Adr3 V="XXXXX"/>
               <CP V="77777"/>
               <Ville V="VILLE"/>
               <CodRes V="0"/>
               <CodPays V="100"/>
               <DteAdr V="2004-04-06"/>








            </Adresse>
            <NbEnfants V="1"/>
            <Statut V="TITULAIRE"/>
            <EmploiMetier V="EMPLOI" V2="EMPLOI"/>
            <Grade V="GRADE"/>
            <Echelon V="3  EME ECHELON"/>
            <Indice V="565"/>
            <CptBancaire rib="xxxxxXXXXXXXXXXXXXXXX99">
               <IdPayInt V=""/>
               <IdBancInt V=""/>
               <CodeEtab V="xxxxx"/>
               <CodeGuic V="XXXXX"/>
               <IdCpte V="XXXXXXXXXXX"/>
               <CleRib V="99"/>
               <LibBanc V="CREDIT LYONNAIS"/>
               <TitCpte V="XXXXXXXXXXXXXXX"/>
               <DteBanc V="2004-04-06"/>








            </CptBancaire>













         </Agent>
         <Evenement generated-id="d1e117" tag-name="Evenement">
            <Code V="GRA" V2="GRA"/>
            <Description V="AVCT DE GRADE"/>

         </Evenement>
         <Service V="SERVICE" V2="SERVICE"/>
         <NBI V="30"/>
         <QuotiteTrav V="100"/>
         <Periode>
            <DateDebut V="2005-01-01"/>
            <DateFin V="2005-12-31"/>

         </Periode>
         <Remuneration>
            <TraitBrut generated-id="d1e138" tag-name="TraitBrut">
               <Libelle V="TRAIT.BASE TIT. MENS"/>
               <Code V="010N" V2="010N"/>
               <Base V="0"/>
               <Taux V="0"/>
               <NbUnite V="0"/>
               <Mt V="2628.88"/>
               <Ordre V="1"/>






            </TraitBrut>
            <IndemResid generated-id="d1e155" tag-name="IndemResid">
               <Libelle V="IND. RESIDENCE"/>
               <Code V="020N" V2="020N"/>
               <Base V="0"/>
               <Taux V="0"/>
               <NbUnite V="0"/>
               <Mt V="78.86"/>
               <CodeCaisse V="AD0001"/>
               <Ordre V="2"/>







            </IndemResid>
            <SupFam generated-id="d1e174" tag-name="SupFam">
               <Libelle V="SUPPLEMT FAMILIAL TI"/>
               <Code V="030N" V2="030N"/>
               <Base V="0"/>
               <Taux V="0"/>
               <NbUnite V="0"/>
               <Mt V="2.29"/>
               <CodeCaisse V="AD0001"/>
               <Ordre V="3"/>







            </SupFam>
            <Indemnite generated-id="d1e193" tag-name="Indemnite">
               <Libelle V="FRAIS DEPLCT FORMATI"/>
               <Code V="330N" V2="330N"/>
               <Base V="0"/>
               <Taux V="0"/>
               <NbUnite V="0"/>
               <Mt V="74.87"/>
               <CodeCaisse V="AD0001"/>
               <Ordre V="4"/>







            </Indemnite>
            <Indemnite generated-id="d1e212" tag-name="Indemnite">
               <Libelle V="IND FORF TRVX SUPPLE"/>
               <Code V="513N" V2="513N"/>
               <Base V="0"/>
               <Taux V="3"/>
               <NbUnite V="30"/>
               <Mt V="412.02"/>
               <CodeCaisse V="AD0001"/>
               <Ordre V="4"/>







            </Indemnite>
            <Deduction generated-id="d1e232" tag-name="Deduction">
               <Libelle V="COT. CNRACL"/>
               <Code V="830C" V2="830C"/>
               <Base V="2628.88"/>
               <Taux V="7.85"/>
               <NbUnite V="0"/>
               <Mt V="206.37"/>
               <CodeCaisse V="CNRACL"/>
               <Ordre V="6"/>







            </Deduction>
            <Deduction generated-id="d1e251" tag-name="Deduction">
               <Libelle V="R.D.S."/>
               <Code V="844C" V2="844C"/>
               <Base V="3028.39"/>
               <Taux V="0.5"/>
               <NbUnite V="0"/>
               <Mt V="15.14"/>
               <CodeCaisse V="URSSAF"/>
               <Ordre V="5"/>







            </Deduction>
            <Deduction generated-id="d1e270" tag-name="Deduction">
               <Libelle V="COT. RETRAITE ADD FP"/>
               <Code V="845C" V2="845C"/>
               <Base V="499.26"/>
               <Taux V="5"/>
               <NbUnite V="0"/>
               <Mt V="24.96"/>
               <CodeCaisse V="RAFP"/>
               <Ordre V="6"/>







            </Deduction>
            <Deduction generated-id="d1e289" tag-name="Deduction">
               <Libelle V="CSG DEDUCTIBLE"/>
               <Code V="859C" V2="859C"/>
               <Base V="3028.39"/>
               <Taux V="5.1"/>
               <NbUnite V="0"/>
               <Mt V="154.45"/>
               <CodeCaisse V="URSSAF"/>
               <Ordre V="4"/>







            </Deduction>
            <Deduction generated-id="d1e308" tag-name="Deduction">
               <Libelle V="COT. FONDS SOLIDAR."/>
               <Code V="860C" V2="860C"/>
               <Base V="2890.72"/>
               <Taux V="1"/>
               <NbUnite V="0"/>
               <Mt V="28.91"/>
               <CodeCaisse V="SOLID"/>
               <Ordre V="4"/>







            </Deduction>
            <Deduction generated-id="d1e327" tag-name="Deduction">
               <Libelle V="C.S.G."/>
               <Code V="869C" V2="869C"/>
               <Base V="3028.39"/>
               <Taux V="2.4"/>
               <NbUnite V="0"/>
               <Mt V="72.68"/>
               <CodeCaisse V="URSSAF"/>
               <Ordre V="5"/>







            </Deduction>
            <Retenue generated-id="d1e347" tag-name="Retenue">
               <Libelle V="PRELEVEM TITRE REPAS"/>
               <Code V="431N" V2="431N"/>
               <Base V="0"/>
               <Taux V="1.53"/>
               <NbUnite V="18"/>
               <Mt V="27.54"/>
               <CodeCaisse V="APDEP"/>
               <Ordre V="6"/>







            </Retenue>
            <Cotisation generated-id="d1e366" tag-name="Cotisation">
               <Libelle V="COT. SS TOT. RS"/>
               <Code V="801C" V2="801C"/>
               <Base V="2628.88"/>
               <Taux V="11.5"/>
               <NbUnite V="0"/>
               <Mt V="302.32"/>
               <CodeCaisse V="URSSAF"/>
               <Ordre V="3"/>







            </Cotisation>
            <Cotisation generated-id="d1e385" tag-name="Cotisation">
               <Libelle V="COT. FNAL PAT. R.S."/>
               <Code V="814C" V2="814C"/>
               <Base V="2516"/>
               <Taux V="0.1"/>
               <NbUnite V="0"/>
               <Mt V="2.52"/>
               <CodeCaisse V="URSSAF"/>
               <Ordre V="4"/>







            </Cotisation>
            <Cotisation generated-id="d1e404" tag-name="Cotisation">
               <Libelle V="COT.ALL.FAM.TOT.RS"/>
               <Code V="816C" V2="816C"/>
               <Base V="2628.88"/>
               <Taux V="5.4"/>
               <NbUnite V="0"/>
               <Mt V="141.96"/>
               <CodeCaisse V="URSSAF"/>
               <Ordre V="4"/>







            </Cotisation>
            <Cotisation generated-id="d1e423" tag-name="Cotisation">
               <Libelle V="COT. CNRACL"/>
               <Code V="831C" V2="831C"/>
               <Base V="2628.88"/>
               <Taux V="27.3"/>
               <NbUnite V="0"/>
               <Mt V="717.68"/>
               <CodeCaisse V="CNRACL"/>
               <Ordre V="6"/>







            </Cotisation>
            <Cotisation generated-id="d1e442" tag-name="Cotisation">
               <Libelle V="COT. FCCPA PAT."/>
               <Code V="833C" V2="833C"/>
               <Base V="2628.88"/>
               <Taux V="0.5"/>
               <NbUnite V="0"/>
               <Mt V="13.14"/>
               <CodeCaisse V="CNRACL"/>
               <Ordre V="6"/>







            </Cotisation>
            <Cotisation generated-id="d1e462" tag-name="Cotisation">
               <Libelle V="COT. ATIACL"/>
               <Code V="834C" V2="834C"/>
               <Base V="2496.34"/>
               <Taux V="0.5"/>
               <NbUnite V="0"/>
               <Mt V="12.48"/>
               <CodeCaisse V="CNRACL"/>
               <Ordre V="6"/>







            </Cotisation>
            <Cotisation generated-id="d1e481" tag-name="Cotisation">
               <Libelle V="TAXE TRANSPORT T. RS"/>
               <Code V="838C" V2="838C"/>
               <Base V="2628.88"/>
               <Taux V="1.4"/>
               <NbUnite V="0"/>
               <Mt V="36.8"/>
               <CodeCaisse V="URSSAF"/>
               <Ordre V="4"/>







            </Cotisation>
            <Cotisation generated-id="d1e500" tag-name="Cotisation">
               <Libelle V="COT. RETRAITE ADD FP"/>
               <Code V="846C" V2="846C"/>
               <Base V="499.26"/>
               <Taux V="5"/>
               <NbUnite V="0"/>
               <Mt V="24.96"/>
               <CodeCaisse V="RAFP"/>
               <Ordre V="6"/>







            </Cotisation>
            <Cotisation generated-id="d1e519" tag-name="Cotisation">
               <Libelle V="CONT SOLID AUTON TIT"/>
               <Code V="864C" V2="864C"/>
               <Base V="2628.88"/>
               <Taux V="0.3"/>
               <NbUnite V="0"/>
               <Mt V="7.89"/>
               <CodeCaisse V="URSSAF"/>
               <Ordre V="5"/>







            </Cotisation>
            <Cotisation generated-id="d1e538" tag-name="Cotisation">
               <Libelle V="COT. C.N.F.P.T"/>
               <Code V="870C" V2="870C"/>
               <Base V="2628.88"/>
               <Taux V="1"/>
               <NbUnite V="0"/>
               <Mt V="26.29"/>
               <CodeCaisse V="CNFPT"/>
               <Ordre V="4"/>







            </Cotisation>





















         </Remuneration>
         <NbHeureTotal V="151.67"/>
         <TauxHor V="0"/>
         <NbHeureSup V="0"/>
         <MtBrut V="3098.89"/>
         <MtNet V="2766.87"/>
         <MtNetAPayer V="2766.87"/>
         <DatePaiement V="2005-04-27"/>
         <MtImposable V="2707.36"/>
         <CumulMtImposable V="11421.85"/>
         <CumulMtBrut V="9994.8"/>
         <CumulBaseSS V="7873.56"/>

















      </PayeIndivMensuel>
   </DonneesIndiv>
</DocumentPaye>