<?xml version="1.0" encoding="UTF-8" standalone="yes"?>
<DocumentPaye xmlns="http://www.minefi.gouv.fr/cp/helios/pes_v2/paye_1_1"
              xmlns:xs="http://www.w3.org/2001/XMLSchema"
              xmlns:n="http://www.minefi.gouv.fr/cp/helios/pes_v2/paye_1_1"
              xmlns:added="http://projets.admisource.gouv.fr/xemelios/namespaces#added"
              xmlns:ano="http://projets.admisource.gouv.fr/xemelios/namespaces#anomally">
   <FileName xmlns="http://projets.admisource.gouv.fr/xemelios/namespaces#added" V="paye.xhl"/>
   <IdVer V="1.1"/>
   <Annee V="2011"/>
   <Mois V="8"/>
   <Train V="AGENTS"/>
   <Employeur>
      <Nom V="Conseil Général du Département Test"
           V2="CONSEIL GÉNÉRAL DU DÉPARTEMENT TEST"/>
      <APE V="789A"/>
      <Adresse>
         <TypAdr V="1"/>
         <Adr1 V="45 rue Lord Kitchener"/>
         <Adr2 V=""/>
         <Adr3 V=""/>
         <CP V="77777"/>
         <Ville V="VILLE"/>
         <CodRes V="0"/>
         <CodPays V="100"/>
         <DteAdr V="2012-01-15"/>








      </Adresse>
      <NumUrssaf V="9999999999"/>
      <Siret V="99999999900017"/>




   </Employeur>
   <DonneesIndiv>
      <PayeIndivMensuel added:primary-key="2011-8-852582">
         <Annee V="2011"/>
         <Mois V="8"/>
         <AnneeMois V="201108"/>
         <Agent>
            <Civilite V="MONSIEUR"/>
            <Nom V="XXXXXXXX" V2="XXXXXXXX"/>
            <ComplNom V="XXXXXXX"/>
            <Prenom V="XXXXXXX" V2="XXXXXXX"/>
            <Matricule V="852582" V2="852582"/>
            <NIR V="1234567890123"/>
            <Adresse>
               <TypAdr V="1"/>
               <Adr1 V="XXXXXXXXX"/>
               <Adr2 V="XXXXXXX"/>
               <Adr3 V="XXXXX"/>
               <CP V="77777"/>
               <Ville V="VILLE"/>
               <CodRes V="0"/>
               <CodPays V="100"/>
               <DteAdr V="2005-04-06"/>








            </Adresse>
            <NbEnfants V="0"/>
            <Statut V="TITULAIRE"/>
            <RefNomenStatutaire desc="INGENIEUR EN CHEF (ATG2)">
               <Code V="ATG2" V2="ATG2"/>
               <Libelle V="INGENIEUR EN CHEF"/>

            </RefNomenStatutaire>
            <EmploiMetier V="EMPLOI" V2="EMPLOI"/>
            <Grade V="GRADE"/>
            <Echelon V="9  EME ECHELON"/>
            <Indice V="782"/>
            <CptBancaire rib="xxxxxXXXXXXXXXXXXXXXX99">
               <IdPayInt V=""/>
               <IdBancInt V=""/>
               <CodeEtab V="xxxxx"/>
               <CodeGuic V="XXXXX"/>
               <IdCpte V="XXXXXXXXXXX"/>
               <CleRib V="99"/>
               <LibBanc V="CRCAM DE PARIS ET D ILE "/>
               <TitCpte V="XXXXXXXXXXXXXXX"/>
               <DteBanc V="2005-04-06"/>








            </CptBancaire>














         </Agent>
         <Evenement generated-id="d1e123" tag-name="Evenement">
            <Code V="ECH" V2="ECH"/>
            <Description V="AVCT ECH REPRISE"/>

         </Evenement>
         <Service V="SERVICE" V2="SERVICE"/>
         <NBI V="0"/>
         <QuotiteTrav V="100"/>
         <Periode>
            <DateDebut V="2005-04-01"/>
            <DateFin V="2005-05-01"/>

         </Periode>
         <Remuneration>
            <TraitBrut generated-id="d1e144" tag-name="TraitBrut">
               <Libelle V="TRAIT.BASE TIT. MENS"/>
               <Code V="010N" V2="010N"/>
               <Base V="0"/>
               <Taux V="0"/>
               <NbUnite V="0"/>
               <Mt V="3455.11"/>
               <Ordre V="1"/>






            </TraitBrut>
            <IndemResid generated-id="d1e161" tag-name="IndemResid">
               <Libelle V="IND. RESIDENCE"/>
               <Code V="020N" V2="020N"/>
               <Base V="0"/>
               <Taux V="0"/>
               <NbUnite V="0"/>
               <Mt V="103.65"/>
               <CodeCaisse V="AD0001"/>
               <Ordre V="2"/>







            </IndemResid>
            <Indemnite generated-id="d1e180" tag-name="Indemnite">
               <Libelle V="PRIME DE TRAVAUX"/>
               <Code V="545N" V2="545N"/>
               <Base V="0"/>
               <Taux V="1.1"/>
               <NbUnite V="30"/>
               <Mt V="1538.01"/>
               <CodeCaisse V="AD0001"/>
               <Ordre V="4"/>







            </Indemnite>
            <Indemnite generated-id="d1e199" tag-name="Indemnite">
               <Libelle V="PRIME SCE RENDEMENT"/>
               <Code V="546N" V2="546N"/>
               <Base V="0"/>
               <Taux V="1.1"/>
               <NbUnite V="30"/>
               <Mt V="241.25"/>
               <CodeCaisse V="AD0001"/>
               <Ordre V="4"/>







            </Indemnite>
            <RemDivers generated-id="d1e218" tag-name="RemDivers">
               <Libelle V="REMBT. TRANSPORT"/>
               <Code V="349N" V2="349N"/>
               <Base V="0"/>
               <Taux V="0"/>
               <NbUnite V="30"/>
               <Mt V="24.11"/>
               <CodeCaisse V="AD0001"/>
               <Ordre V="5"/>







            </RemDivers>
            <Deduction generated-id="d1e238" tag-name="Deduction">
               <Libelle V="COT. CNRACL"/>
               <Code V="830C" V2="830C"/>
               <Base V="3455.11"/>
               <Taux V="7.85"/>
               <NbUnite V="0"/>
               <Mt V="271.23"/>
               <CodeCaisse V="CNRACL"/>
               <Ordre V="6"/>







            </Deduction>
            <Deduction generated-id="d1e257" tag-name="Deduction">
               <Libelle V="R.D.S."/>
               <Code V="844C" V2="844C"/>
               <Base V="5177.88"/>
               <Taux V="0.5"/>
               <NbUnite V="0"/>
               <Mt V="25.89"/>
               <CodeCaisse V="URSSAF"/>
               <Ordre V="5"/>







            </Deduction>
            <Deduction generated-id="d1e276" tag-name="Deduction">
               <Libelle V="COT. RETRAITE ADD FP"/>
               <Code V="845C" V2="845C"/>
               <Base V="691.02"/>
               <Taux V="5"/>
               <NbUnite V="0"/>
               <Mt V="34.55"/>
               <CodeCaisse V="RAFP"/>
               <Ordre V="6"/>







            </Deduction>
            <Deduction generated-id="d1e295" tag-name="Deduction">
               <Libelle V="CSG DEDUCTIBLE"/>
               <Code V="859C" V2="859C"/>
               <Base V="5177.88"/>
               <Taux V="5.1"/>
               <NbUnite V="0"/>
               <Mt V="264.07"/>
               <CodeCaisse V="URSSAF"/>
               <Ordre V="4"/>







            </Deduction>
            <Deduction generated-id="d1e314" tag-name="Deduction">
               <Libelle V="COT. FONDS SOLIDAR."/>
               <Code V="860C" V2="860C"/>
               <Base V="5032.24"/>
               <Taux V="1"/>
               <NbUnite V="0"/>
               <Mt V="50.32"/>
               <CodeCaisse V="SOLID"/>
               <Ordre V="4"/>







            </Deduction>
            <Deduction generated-id="d1e333" tag-name="Deduction">
               <Libelle V="C.S.G."/>
               <Code V="869C" V2="869C"/>
               <Base V="5177.88"/>
               <Taux V="2.4"/>
               <NbUnite V="0"/>
               <Mt V="124.27"/>
               <CodeCaisse V="URSSAF"/>
               <Ordre V="5"/>







            </Deduction>
            <Retenue generated-id="d1e353" tag-name="Retenue">
               <Libelle V="M.G.P.A.T OUVRIERE"/>
               <Code V="402M" V2="402M"/>
               <Base V="0"/>
               <Taux V="0"/>
               <NbUnite V="0"/>
               <Mt V="246.58"/>
               <CodeCaisse V="MGPAT"/>
               <Ordre V="6"/>







            </Retenue>
            <Retenue generated-id="d1e372" tag-name="Retenue">
               <Libelle V="PRELEVEM TITRE REPAS"/>
               <Code V="431N" V2="431N"/>
               <Base V="0"/>
               <Taux V="1.53"/>
               <NbUnite V="18"/>
               <Mt V="27.54"/>
               <CodeCaisse V="APDEP"/>
               <Ordre V="6"/>







            </Retenue>
            <Cotisation generated-id="d1e391" tag-name="Cotisation">
               <Libelle V="COT. SS TOT. RS"/>
               <Code V="801C" V2="801C"/>
               <Base V="3455.11"/>
               <Taux V="11.5"/>
               <NbUnite V="0"/>
               <Mt V="397.34"/>
               <CodeCaisse V="URSSAF"/>
               <Ordre V="3"/>







            </Cotisation>
            <Cotisation generated-id="d1e410" tag-name="Cotisation">
               <Libelle V="COT. FNAL PAT. R.S."/>
               <Code V="814C" V2="814C"/>
               <Base V="2516"/>
               <Taux V="0.1"/>
               <NbUnite V="0"/>
               <Mt V="2.52"/>
               <CodeCaisse V="URSSAF"/>
               <Ordre V="4"/>







            </Cotisation>
            <Cotisation generated-id="d1e429" tag-name="Cotisation">
               <Libelle V="COT.ALL.FAM.TOT.RS"/>
               <Code V="816C" V2="816C"/>
               <Base V="3455.11"/>
               <Taux V="5.4"/>
               <NbUnite V="0"/>
               <Mt V="186.58"/>
               <CodeCaisse V="URSSAF"/>
               <Ordre V="4"/>







            </Cotisation>
            <Cotisation generated-id="d1e448" tag-name="Cotisation">
               <Libelle V="COT. CNRACL"/>
               <Code V="831C" V2="831C"/>
               <Base V="3455.11"/>
               <Taux V="27.3"/>
               <NbUnite V="0"/>
               <Mt V="943.25"/>
               <CodeCaisse V="CNRACL"/>
               <Ordre V="6"/>







            </Cotisation>
            <Cotisation generated-id="d1e468" tag-name="Cotisation">
               <Libelle V="COT. FCCPA PAT."/>
               <Code V="833C" V2="833C"/>
               <Base V="3455.11"/>
               <Taux V="0.5"/>
               <NbUnite V="0"/>
               <Mt V="17.28"/>
               <CodeCaisse V="CNRACL"/>
               <Ordre V="6"/>







            </Cotisation>
            <Cotisation generated-id="d1e487" tag-name="Cotisation">
               <Libelle V="COT. ATIACL"/>
               <Code V="834C" V2="834C"/>
               <Base V="3455.11"/>
               <Taux V="0.5"/>
               <NbUnite V="0"/>
               <Mt V="17.28"/>
               <CodeCaisse V="CNRACL"/>
               <Ordre V="6"/>







            </Cotisation>
            <Cotisation generated-id="d1e506" tag-name="Cotisation">
               <Libelle V="TAXE TRANSPORT T. RS"/>
               <Code V="838C" V2="838C"/>
               <Base V="3455.11"/>
               <Taux V="1.4"/>
               <NbUnite V="0"/>
               <Mt V="48.37"/>
               <CodeCaisse V="URSSAF"/>
               <Ordre V="4"/>







            </Cotisation>
            <Cotisation generated-id="d1e525" tag-name="Cotisation">
               <Libelle V="COT. RETRAITE ADD FP"/>
               <Code V="846C" V2="846C"/>
               <Base V="691.02"/>
               <Taux V="5"/>
               <NbUnite V="0"/>
               <Mt V="34.55"/>
               <CodeCaisse V="RAFP"/>
               <Ordre V="6"/>







            </Cotisation>
            <Cotisation generated-id="d1e544" tag-name="Cotisation">
               <Libelle V="CONT SOLID AUTON TIT"/>
               <Code V="864C" V2="864C"/>
               <Base V="3455.11"/>
               <Taux V="0.3"/>
               <NbUnite V="0"/>
               <Mt V="10.37"/>
               <CodeCaisse V="URSSAF"/>
               <Ordre V="5"/>







            </Cotisation>
            <Cotisation generated-id="d1e563" tag-name="Cotisation">
               <Libelle V="COT. C.N.F.P.T"/>
               <Code V="870C" V2="870C"/>
               <Base V="3455.11"/>
               <Taux V="1"/>
               <NbUnite V="0"/>
               <Mt V="34.55"/>
               <CodeCaisse V="CNFPT"/>
               <Ordre V="4"/>







            </Cotisation>






















         </Remuneration>
         <NbHeureTotal V="151.67"/>
         <TauxHor V="0"/>
         <NbHeureSup V="0"/>
         <MtBrut V="4726.53"/>
         <MtNet V="4319.72"/>
         <MtNetAPayer V="4319.72"/>
         <DatePaiement V="2005-04-27"/>
         <MtImposable V="4717.85"/>
         <CumulMtImposable V="19672.12"/>
         <CumulMtBrut V="16863.82"/>
         <CumulBaseSS V="10348.14"/>

















      </PayeIndivMensuel>
   </DonneesIndiv>
</DocumentPaye>