<?xml version="1.0" encoding="UTF-8" standalone="yes"?>
<DocumentPaye xmlns="http://www.minefi.gouv.fr/cp/helios/pes_v2/paye_1_1"
              xmlns:xs="http://www.w3.org/2001/XMLSchema"
              xmlns:n="http://www.minefi.gouv.fr/cp/helios/pes_v2/paye_1_1"
              xmlns:added="http://projets.admisource.gouv.fr/xemelios/namespaces#added"
              xmlns:ano="http://projets.admisource.gouv.fr/xemelios/namespaces#anomally">
   <FileName xmlns="http://projets.admisource.gouv.fr/xemelios/namespaces#added" V="paye.xhl"/>
   <IdVer V="1.1"/>
   <Annee V="2011"/>
   <Mois V="8"/>
   <Train V="AGENTS"/>
   <Employeur>
      <Nom V="Conseil Général du Département Test"
           V2="CONSEIL GÉNÉRAL DU DÉPARTEMENT TEST"/>
      <APE V="789A"/>
      <Adresse>
         <TypAdr V="1"/>
         <Adr1 V="45 rue Lord Kitchener"/>
         <Adr2 V=""/>
         <Adr3 V=""/>
         <CP V="77777"/>
         <Ville V="VILLE"/>
         <CodRes V="0"/>
         <CodPays V="100"/>
         <DteAdr V="2012-01-15"/>








      </Adresse>
      <NumUrssaf V="9999999999"/>
      <Siret V="99999999900017"/>




   </Employeur>
   <DonneesIndiv>
      <PayeIndivMensuel added:primary-key="2011-8-8888">
         <Annee V="2011"/>
         <Mois V="8"/>
         <AnneeMois V="201108"/>
         <Agent>
            <Civilite V="MADAME"/>
            <Nom V="XXXXXXXX" V2="XXXXXXXX"/>
            <ComplNom V="XXXXXXX"/>
            <Prenom V="XXXXXXX" V2="XXXXXXX"/>
            <Matricule V="8888" V2="8888"/>
            <NIR V="1234567890123"/>
            <Adresse>
               <TypAdr V="1"/>
               <Adr1 V="XXXXXXXXX"/>
               <Adr2 V="XXXXXXX"/>
               <Adr3 V="XXXXX"/>
               <CP V="77777"/>
               <Ville V="VILLE"/>
               <CodRes V="0"/>
               <CodPays V="100"/>
               <DteAdr V="2005-02-01"/>








            </Adresse>
            <NbEnfants V="0"/>
            <Statut V="TITULAIRE"/>
            <RefNomenStatutaire desc="AGENT D'ENTRETIEN QUALIFIE (ATE2)">
               <Code V="ATE2" V2="ATE2"/>
               <Libelle V="AGENT D'ENTRETIEN QUALIFIE"/>

            </RefNomenStatutaire>
            <EmploiMetier V="EMPLOI" V2="EMPLOI"/>
            <Grade V="GRADE"/>
            <Echelon V="11 EME ECHELON"/>
            <Indice V="337"/>
            <CptBancaire rib="xxxxxXXXXXXXXXXXXXXXX99">
               <IdPayInt V=""/>
               <IdBancInt V=""/>
               <CodeEtab V="xxxxx"/>
               <CodeGuic V="XXXXX"/>
               <IdCpte V="XXXXXXXXXXX"/>
               <CleRib V="99"/>
               <LibBanc V="CAISSE D EPARGNE D ILE D"/>
               <TitCpte V="XXXXXXXXXXXXXXX"/>
               <DteBanc V="2005-02-01"/>








            </CptBancaire>














         </Agent>
         <Service V="SERVICE" V2="SERVICE"/>
         <NBI V="0"/>
         <QuotiteTrav V="100"/>
         <Periode>
            <DateDebut V="2005-04-01"/>
            <DateFin V="2005-05-01"/>

         </Periode>
         <Remuneration>
            <TraitBrut generated-id="d1e138" tag-name="TraitBrut">
               <Libelle V="TRAIT.BASE TIT. MENS"/>
               <Code V="010N" V2="010N"/>
               <Base V="0"/>
               <Taux V="0"/>
               <NbUnite V="0"/>
               <Mt V="1488.96"/>
               <Ordre V="1"/>






            </TraitBrut>
            <IndemResid generated-id="d1e155" tag-name="IndemResid">
               <Libelle V="IND. RESIDENCE"/>
               <Code V="020N" V2="020N"/>
               <Base V="0"/>
               <Taux V="0"/>
               <NbUnite V="0"/>
               <Mt V="44.66"/>
               <CodeCaisse V="AD0001"/>
               <Ordre V="2"/>







            </IndemResid>
            <Deduction generated-id="d1e174" tag-name="Deduction">
               <Libelle V="COT. CNRACL"/>
               <Code V="830C" V2="830C"/>
               <Base V="1488.96"/>
               <Taux V="7.85"/>
               <NbUnite V="0"/>
               <Mt V="116.88"/>
               <CodeCaisse V="CNRACL"/>
               <Ordre V="6"/>







            </Deduction>
            <Deduction generated-id="d1e193" tag-name="Deduction">
               <Libelle V="R.D.S."/>
               <Code V="844C" V2="844C"/>
               <Base V="1487.61"/>
               <Taux V="0.5"/>
               <NbUnite V="0"/>
               <Mt V="7.44"/>
               <CodeCaisse V="URSSAF"/>
               <Ordre V="5"/>







            </Deduction>
            <Deduction generated-id="d1e212" tag-name="Deduction">
               <Libelle V="COT. RETRAITE ADD FP"/>
               <Code V="845C" V2="845C"/>
               <Base V="44.66"/>
               <Taux V="5"/>
               <NbUnite V="0"/>
               <Mt V="2.23"/>
               <CodeCaisse V="RAFP"/>
               <Ordre V="6"/>







            </Deduction>
            <Deduction generated-id="d1e232" tag-name="Deduction">
               <Libelle V="CSG DEDUCTIBLE"/>
               <Code V="859C" V2="859C"/>
               <Base V="1487.61"/>
               <Taux V="5.1"/>
               <NbUnite V="0"/>
               <Mt V="75.87"/>
               <CodeCaisse V="URSSAF"/>
               <Ordre V="4"/>







            </Deduction>
            <Deduction generated-id="d1e251" tag-name="Deduction">
               <Libelle V="COT. FONDS SOLIDAR."/>
               <Code V="860C" V2="860C"/>
               <Base V="1414.51"/>
               <Taux V="1"/>
               <NbUnite V="0"/>
               <Mt V="14.15"/>
               <CodeCaisse V="SOLID"/>
               <Ordre V="4"/>







            </Deduction>
            <Deduction generated-id="d1e270" tag-name="Deduction">
               <Libelle V="C.S.G."/>
               <Code V="869C" V2="869C"/>
               <Base V="1487.61"/>
               <Taux V="2.4"/>
               <NbUnite V="0"/>
               <Mt V="35.7"/>
               <CodeCaisse V="URSSAF"/>
               <Ordre V="5"/>







            </Deduction>
            <Retenue generated-id="d1e289" tag-name="Retenue">
               <Libelle V="PRELEVEM TITRE REPAS"/>
               <Code V="431N" V2="431N"/>
               <Base V="0"/>
               <Taux V="1.53"/>
               <NbUnite V="18"/>
               <Mt V="27.54"/>
               <CodeCaisse V="APDEP"/>
               <Ordre V="6"/>







            </Retenue>
            <Retenue generated-id="d1e308" tag-name="Retenue">
               <Libelle V="RETENUE CHEQUE VAC"/>
               <Code V="432N" V2="432N"/>
               <Base V="0"/>
               <Taux V="0"/>
               <NbUnite V="0"/>
               <Mt V="50"/>
               <CodeCaisse V="APDEP"/>
               <Ordre V="6"/>







            </Retenue>
            <Cotisation generated-id="d1e327" tag-name="Cotisation">
               <Libelle V="COT. SS TOT. RS"/>
               <Code V="801C" V2="801C"/>
               <Base V="1488.96"/>
               <Taux V="11.5"/>
               <NbUnite V="0"/>
               <Mt V="171.23"/>
               <CodeCaisse V="URSSAF"/>
               <Ordre V="3"/>







            </Cotisation>
            <Cotisation generated-id="d1e347" tag-name="Cotisation">
               <Libelle V="COT. FNAL PAT. R.S."/>
               <Code V="814C" V2="814C"/>
               <Base V="1488.96"/>
               <Taux V="0.1"/>
               <NbUnite V="0"/>
               <Mt V="1.49"/>
               <CodeCaisse V="URSSAF"/>
               <Ordre V="4"/>







            </Cotisation>
            <Cotisation generated-id="d1e366" tag-name="Cotisation">
               <Libelle V="COT.ALL.FAM.TOT.RS"/>
               <Code V="816C" V2="816C"/>
               <Base V="1488.96"/>
               <Taux V="5.4"/>
               <NbUnite V="0"/>
               <Mt V="80.4"/>
               <CodeCaisse V="URSSAF"/>
               <Ordre V="4"/>







            </Cotisation>
            <Cotisation generated-id="d1e385" tag-name="Cotisation">
               <Libelle V="COT. CNRACL"/>
               <Code V="831C" V2="831C"/>
               <Base V="1488.96"/>
               <Taux V="27.3"/>
               <NbUnite V="0"/>
               <Mt V="406.49"/>
               <CodeCaisse V="CNRACL"/>
               <Ordre V="6"/>







            </Cotisation>
            <Cotisation generated-id="d1e404" tag-name="Cotisation">
               <Libelle V="COT. FCCPA PAT."/>
               <Code V="833C" V2="833C"/>
               <Base V="1488.96"/>
               <Taux V="0.5"/>
               <NbUnite V="0"/>
               <Mt V="7.44"/>
               <CodeCaisse V="CNRACL"/>
               <Ordre V="6"/>







            </Cotisation>
            <Cotisation generated-id="d1e423" tag-name="Cotisation">
               <Libelle V="COT. ATIACL"/>
               <Code V="834C" V2="834C"/>
               <Base V="1488.96"/>
               <Taux V="0.5"/>
               <NbUnite V="0"/>
               <Mt V="7.44"/>
               <CodeCaisse V="CNRACL"/>
               <Ordre V="6"/>







            </Cotisation>
            <Cotisation generated-id="d1e442" tag-name="Cotisation">
               <Libelle V="TAXE TRANSPORT T. RS"/>
               <Code V="838C" V2="838C"/>
               <Base V="1488.96"/>
               <Taux V="1.4"/>
               <NbUnite V="0"/>
               <Mt V="20.85"/>
               <CodeCaisse V="URSSAF"/>
               <Ordre V="4"/>







            </Cotisation>
            <Cotisation generated-id="d1e462" tag-name="Cotisation">
               <Libelle V="COT. RETRAITE ADD FP"/>
               <Code V="846C" V2="846C"/>
               <Base V="44.66"/>
               <Taux V="5"/>
               <NbUnite V="0"/>
               <Mt V="2.23"/>
               <CodeCaisse V="RAFP"/>
               <Ordre V="6"/>







            </Cotisation>
            <Cotisation generated-id="d1e481" tag-name="Cotisation">
               <Libelle V="CONT SOLID AUTON TIT"/>
               <Code V="864C" V2="864C"/>
               <Base V="1488.96"/>
               <Taux V="0.3"/>
               <NbUnite V="0"/>
               <Mt V="4.47"/>
               <CodeCaisse V="URSSAF"/>
               <Ordre V="5"/>







            </Cotisation>
            <Cotisation generated-id="d1e500" tag-name="Cotisation">
               <Libelle V="COT. C.N.F.P.T"/>
               <Code V="870C" V2="870C"/>
               <Base V="1488.96"/>
               <Taux V="1"/>
               <NbUnite V="0"/>
               <Mt V="14.89"/>
               <CodeCaisse V="CNFPT"/>
               <Ordre V="4"/>







            </Cotisation>



















         </Remuneration>
         <NbHeureTotal V="151.67"/>
         <TauxHor V="0"/>
         <NbHeureSup V="0"/>
         <MtBrut V="1487.84"/>
         <MtNet V="1328.43"/>
         <MtNetAPayer V="1328.43"/>
         <DatePaiement V="2005-04-27"/>
         <MtImposable V="1324.49"/>
         <CumulMtImposable V="5511.25"/>
         <CumulMtBrut V="4839.99"/>
         <CumulBaseSS V="4459.47"/>
















      </PayeIndivMensuel>
   </DonneesIndiv>
</DocumentPaye>