<?xml version="1.0" encoding="UTF-8" standalone="yes"?>
<DocumentPaye xmlns="http://www.minefi.gouv.fr/cp/helios/pes_v2/paye_1_1"
              xmlns:xs="http://www.w3.org/2001/XMLSchema"
              xmlns:n="http://www.minefi.gouv.fr/cp/helios/pes_v2/paye_1_1"
              xmlns:added="http://projets.admisource.gouv.fr/xemelios/namespaces#added"
              xmlns:ano="http://projets.admisource.gouv.fr/xemelios/namespaces#anomally">
   <FileName xmlns="http://projets.admisource.gouv.fr/xemelios/namespaces#added" V="paye.xhl"/>
   <IdVer V="1.1"/>
   <Annee V="2011"/>
   <Mois V="8"/>
   <Train V="AGENTS"/>
   <Employeur>
      <Nom V="Conseil Général du Département Test"
           V2="CONSEIL GÉNÉRAL DU DÉPARTEMENT TEST"/>
      <APE V="789A"/>
      <Adresse>
         <TypAdr V="1"/>
         <Adr1 V="45 rue Lord Kitchener"/>
         <Adr2 V=""/>
         <Adr3 V=""/>
         <CP V="77777"/>
         <Ville V="VILLE"/>
         <CodRes V="0"/>
         <CodPays V="100"/>
         <DteAdr V="2012-01-15"/>








      </Adresse>
      <NumUrssaf V="9999999999"/>
      <Siret V="99999999900017"/>




   </Employeur>
   <DonneesIndiv>
      <PayeIndivMensuel added:primary-key="2011-8-881881">
         <Annee V="2011"/>
         <Mois V="8"/>
         <AnneeMois V="201108"/>
         <Agent>
            <Civilite V="MADAME"/>
            <Nom V="XXXXXXXX" V2="XXXXXXXX"/>
            <ComplNom V="XXXXXXX"/>
            <Prenom V="XXXXXXX" V2="XXXXXXX"/>
            <Matricule V="881881" V2="881881"/>
            <NIR V="1234567890123"/>
            <Adresse>
               <TypAdr V="1"/>
               <Adr1 V="XXXXXXXXX"/>
               <Adr2 V="XXXXXXX"/>
               <Adr3 V="XXXXX"/>
               <CP V="77777"/>
               <Ville V="VILLE"/>
               <CodRes V="0"/>
               <CodPays V="100"/>
               <DteAdr V="2004-12-14"/>








            </Adresse>
            <NbEnfants V="0"/>
            <Statut V="TITULAIRE"/>
            <RefNomenStatutaire desc="ADJOINT ADMINISTRATIF (AAJ1)">
               <Code V="AAJ1" V2="AAJ1"/>
               <Libelle V="ADJOINT ADMINISTRATIF"/>

            </RefNomenStatutaire>
            <EmploiMetier V="EMPLOI" V2="EMPLOI"/>
            <Grade V="GRADE"/>
            <Echelon V="8  EME ECHELON"/>
            <Indice V="323"/>
            <CptBancaire rib="xxxxxXXXXXXXXXXXXXXXX99">
               <IdPayInt V=""/>
               <IdBancInt V=""/>
               <CodeEtab V="xxxxx"/>
               <CodeGuic V="XXXXX"/>
               <IdCpte V="XXXXXXXXXXX"/>
               <CleRib V="99"/>
               <LibBanc V="CREDIT DU NORD"/>
               <TitCpte V="XXXXXXXXXXXXXXX"/>
               <DteBanc V="2004-12-14"/>








            </CptBancaire>














         </Agent>
         <Evenement generated-id="d1e123" tag-name="Evenement">
            <Code V="MIN" V2="MIN"/>
            <Description V="AVCT ECHELON AU TEMPS MINIMUM"/>

         </Evenement>
         <Service V="SERVICE" V2="SERVICE"/>
         <NBI V="10"/>
         <QuotiteTrav V="100"/>
         <Periode>
            <DateDebut V="2005-04-01"/>
            <DateFin V="2005-05-01"/>

         </Periode>
         <Remuneration>
            <TraitBrut generated-id="d1e144" tag-name="TraitBrut">
               <Libelle V="TRAIT.BASE TIT. MENS"/>
               <Code V="010N" V2="010N"/>
               <Base V="0"/>
               <Taux V="0"/>
               <NbUnite V="0"/>
               <Mt V="1471.29"/>
               <Ordre V="1"/>






            </TraitBrut>
            <IndemResid generated-id="d1e161" tag-name="IndemResid">
               <Libelle V="IND. RESIDENCE"/>
               <Code V="020N" V2="020N"/>
               <Base V="0"/>
               <Taux V="0"/>
               <NbUnite V="0"/>
               <Mt V="44.13"/>
               <CodeCaisse V="AD0001"/>
               <Ordre V="2"/>







            </IndemResid>
            <Indemnite generated-id="d1e180" tag-name="Indemnite">
               <Libelle V="IND FORF TRVX SUPPLE"/>
               <Code V="513N" V2="513N"/>
               <Base V="0"/>
               <Taux V="3"/>
               <NbUnite V="30"/>
               <Mt V="137.33"/>
               <CodeCaisse V="AD0001"/>
               <Ordre V="4"/>







            </Indemnite>
            <RemDivers generated-id="d1e199" tag-name="RemDivers">
               <Libelle V="HEURES SUPPLEM. TX1"/>
               <Code V="601N" V2="601N"/>
               <Base V="0"/>
               <Taux V="10.69"/>
               <NbUnite V="14"/>
               <Mt V="149.66"/>
               <Ordre V="3"/>






            </RemDivers>
            <RemDivers generated-id="d1e216" tag-name="RemDivers">
               <Libelle V="HEURES SUPPLEM. TX2"/>
               <Code V="602N" V2="602N"/>
               <Base V="0"/>
               <Taux V="12.68"/>
               <NbUnite V="1"/>
               <Mt V="12.68"/>
               <Ordre V="3"/>






            </RemDivers>
            <Deduction generated-id="d1e234" tag-name="Deduction">
               <Libelle V="COT. CNRACL"/>
               <Code V="830C" V2="830C"/>
               <Base V="1471.29"/>
               <Taux V="7.85"/>
               <NbUnite V="0"/>
               <Mt V="115.5"/>
               <CodeCaisse V="CNRACL"/>
               <Ordre V="6"/>







            </Deduction>
            <Deduction generated-id="d1e253" tag-name="Deduction">
               <Libelle V="R.D.S."/>
               <Code V="844C" V2="844C"/>
               <Base V="1760.64"/>
               <Taux V="0.5"/>
               <NbUnite V="0"/>
               <Mt V="8.8"/>
               <CodeCaisse V="URSSAF"/>
               <Ordre V="5"/>







            </Deduction>
            <Deduction generated-id="d1e272" tag-name="Deduction">
               <Libelle V="COT. RETRAITE ADD FP"/>
               <Code V="845C" V2="845C"/>
               <Base V="285.42"/>
               <Taux V="5"/>
               <NbUnite V="0"/>
               <Mt V="14.27"/>
               <CodeCaisse V="RAFP"/>
               <Ordre V="6"/>







            </Deduction>
            <Deduction generated-id="d1e291" tag-name="Deduction">
               <Libelle V="CSG DEDUCTIBLE"/>
               <Code V="859C" V2="859C"/>
               <Base V="1760.64"/>
               <Taux V="5.1"/>
               <NbUnite V="0"/>
               <Mt V="89.79"/>
               <CodeCaisse V="URSSAF"/>
               <Ordre V="4"/>







            </Deduction>
            <Deduction generated-id="d1e310" tag-name="Deduction">
               <Libelle V="COT. FONDS SOLIDAR."/>
               <Code V="860C" V2="860C"/>
               <Base V="1685.32"/>
               <Taux V="1"/>
               <NbUnite V="0"/>
               <Mt V="16.85"/>
               <CodeCaisse V="SOLID"/>
               <Ordre V="4"/>







            </Deduction>
            <Deduction generated-id="d1e329" tag-name="Deduction">
               <Libelle V="C.S.G."/>
               <Code V="869C" V2="869C"/>
               <Base V="1760.64"/>
               <Taux V="2.4"/>
               <NbUnite V="0"/>
               <Mt V="42.26"/>
               <CodeCaisse V="URSSAF"/>
               <Ordre V="5"/>







            </Deduction>
            <Retenue generated-id="d1e349" tag-name="Retenue">
               <Libelle V="PRELEVEM TITRE REPAS"/>
               <Code V="431N" V2="431N"/>
               <Base V="0"/>
               <Taux V="1.53"/>
               <NbUnite V="18"/>
               <Mt V="27.54"/>
               <CodeCaisse V="APDEP"/>
               <Ordre V="6"/>







            </Retenue>
            <Cotisation generated-id="d1e368" tag-name="Cotisation">
               <Libelle V="COT. SS TOT. RS"/>
               <Code V="801C" V2="801C"/>
               <Base V="1471.29"/>
               <Taux V="11.5"/>
               <NbUnite V="0"/>
               <Mt V="169.2"/>
               <CodeCaisse V="URSSAF"/>
               <Ordre V="3"/>







            </Cotisation>
            <Cotisation generated-id="d1e387" tag-name="Cotisation">
               <Libelle V="COT. FNAL PAT. R.S."/>
               <Code V="814C" V2="814C"/>
               <Base V="1471.29"/>
               <Taux V="0.1"/>
               <NbUnite V="0"/>
               <Mt V="1.47"/>
               <CodeCaisse V="URSSAF"/>
               <Ordre V="4"/>







            </Cotisation>
            <Cotisation generated-id="d1e406" tag-name="Cotisation">
               <Libelle V="COT.ALL.FAM.TOT.RS"/>
               <Code V="816C" V2="816C"/>
               <Base V="1471.29"/>
               <Taux V="5.4"/>
               <NbUnite V="0"/>
               <Mt V="79.45"/>
               <CodeCaisse V="URSSAF"/>
               <Ordre V="4"/>







            </Cotisation>
            <Cotisation generated-id="d1e425" tag-name="Cotisation">
               <Libelle V="COT. CNRACL"/>
               <Code V="831C" V2="831C"/>
               <Base V="1471.29"/>
               <Taux V="27.3"/>
               <NbUnite V="0"/>
               <Mt V="401.66"/>
               <CodeCaisse V="CNRACL"/>
               <Ordre V="6"/>







            </Cotisation>
            <Cotisation generated-id="d1e444" tag-name="Cotisation">
               <Libelle V="COT. FCCPA PAT."/>
               <Code V="833C" V2="833C"/>
               <Base V="1471.29"/>
               <Taux V="0.5"/>
               <NbUnite V="0"/>
               <Mt V="7.36"/>
               <CodeCaisse V="CNRACL"/>
               <Ordre V="6"/>







            </Cotisation>
            <Cotisation generated-id="d1e464" tag-name="Cotisation">
               <Libelle V="COT. ATIACL"/>
               <Code V="834C" V2="834C"/>
               <Base V="1427.11"/>
               <Taux V="0.5"/>
               <NbUnite V="0"/>
               <Mt V="7.14"/>
               <CodeCaisse V="CNRACL"/>
               <Ordre V="6"/>







            </Cotisation>
            <Cotisation generated-id="d1e483" tag-name="Cotisation">
               <Libelle V="TAXE TRANSPORT T. RS"/>
               <Code V="838C" V2="838C"/>
               <Base V="1471.29"/>
               <Taux V="1.4"/>
               <NbUnite V="0"/>
               <Mt V="20.6"/>
               <CodeCaisse V="URSSAF"/>
               <Ordre V="4"/>







            </Cotisation>
            <Cotisation generated-id="d1e502" tag-name="Cotisation">
               <Libelle V="COT. RETRAITE ADD FP"/>
               <Code V="846C" V2="846C"/>
               <Base V="285.42"/>
               <Taux V="5"/>
               <NbUnite V="0"/>
               <Mt V="14.27"/>
               <CodeCaisse V="RAFP"/>
               <Ordre V="6"/>







            </Cotisation>
            <Cotisation generated-id="d1e521" tag-name="Cotisation">
               <Libelle V="CONT SOLID AUTON TIT"/>
               <Code V="864C" V2="864C"/>
               <Base V="1471.29"/>
               <Taux V="0.3"/>
               <NbUnite V="0"/>
               <Mt V="4.41"/>
               <CodeCaisse V="URSSAF"/>
               <Ordre V="5"/>







            </Cotisation>
            <Cotisation generated-id="d1e540" tag-name="Cotisation">
               <Libelle V="COT. C.N.F.P.T"/>
               <Code V="870C" V2="870C"/>
               <Base V="1471.29"/>
               <Taux V="1"/>
               <NbUnite V="0"/>
               <Mt V="14.71"/>
               <CodeCaisse V="CNFPT"/>
               <Ordre V="4"/>







            </Cotisation>





















         </Remuneration>
         <NbHeureTotal V="166.67"/>
         <TauxHor V="0"/>
         <NbHeureSup V="15"/>
         <MtBrut V="1680.09"/>
         <MtNet V="1500.08"/>
         <MtNetAPayer V="1500.08"/>
         <DatePaiement V="2005-04-27"/>
         <MtImposable V="1578.68"/>
         <CumulMtImposable V="6726.7"/>
         <CumulMtBrut V="5882.63"/>
         <CumulBaseSS V="4406.55"/>
         <RepartitionBudget generated-id="d1e583" tag-name="RepartitionBudget">
            <CodeBudget V="00"/>
            <Mt V="1200.25"/>

         </RepartitionBudget>
         <RepartitionBudget generated-id="d1e589" tag-name="RepartitionBudget">
            <CodeBudget V="01"/>
            <Mt V="479.84"/>

         </RepartitionBudget>



















      </PayeIndivMensuel>
   </DonneesIndiv>
</DocumentPaye>