<?xml version="1.0" encoding="UTF-8" standalone="yes"?>
<DocumentPaye xmlns="http://www.minefi.gouv.fr/cp/helios/pes_v2/paye_1_1"
              xmlns:xs="http://www.w3.org/2001/XMLSchema"
              xmlns:n="http://www.minefi.gouv.fr/cp/helios/pes_v2/paye_1_1"
              xmlns:added="http://projets.admisource.gouv.fr/xemelios/namespaces#added"
              xmlns:ano="http://projets.admisource.gouv.fr/xemelios/namespaces#anomally">
   <FileName xmlns="http://projets.admisource.gouv.fr/xemelios/namespaces#added" V="paye.xhl"/>
   <IdVer V="1.1"/>
   <Annee V="2011"/>
   <Mois V="8"/>
   <Train V="AGENTS"/>
   <Employeur>
      <Nom V="Conseil Général du Département Test"
           V2="CONSEIL GÉNÉRAL DU DÉPARTEMENT TEST"/>
      <APE V="789A"/>
      <Adresse>
         <TypAdr V="1"/>
         <Adr1 V="45 rue Lord Kitchener"/>
         <Adr2 V=""/>
         <Adr3 V=""/>
         <CP V="77777"/>
         <Ville V="VILLE"/>
         <CodRes V="0"/>
         <CodPays V="100"/>
         <DteAdr V="2012-01-15"/>








      </Adresse>
      <NumUrssaf V="9999999999"/>
      <Siret V="99999999900017"/>




   </Employeur>
   <DonneesIndiv>
      <PayeIndivMensuel added:primary-key="2011-8-921291">
         <Annee V="2011"/>
         <Mois V="8"/>
         <AnneeMois V="201108"/>
         <Agent>
            <Civilite V="MONSIEUR"/>
            <Nom V="XXXXXXXX" V2="XXXXXXXX"/>
            <ComplNom V="XXXXXXX"/>
            <Prenom V="XXXXXXX" V2="XXXXXXX"/>
            <Matricule V="921291" V2="921291"/>
            <NIR V="1234567890123"/>
            <Adresse>
               <TypAdr V="1"/>
               <Adr1 V="XXXXXXXXX"/>
               <Adr2 V="XXXXXXX"/>
               <Adr3 V="XXXXX"/>
               <CP V="77777"/>
               <Ville V="VILLE"/>
               <CodRes V="0"/>
               <CodPays V="100"/>
               <DteAdr V="2005-01-31"/>








            </Adresse>
            <NbEnfants V="0"/>
            <Statut V="TITULAIRE"/>
            <RefNomenStatutaire desc="AGENT D'ENTRETIEN (ATE1)">
               <Code V="ATE1" V2="ATE1"/>
               <Libelle V="AGENT D'ENTRETIEN"/>

            </RefNomenStatutaire>
            <EmploiMetier V="EMPLOI" V2="EMPLOI"/>
            <Grade V="GRADE"/>
            <Echelon V="5  EME ECHELON"/>
            <Indice V="278"/>
            <CptBancaire rib="xxxxxXXXXXXXXXXXXXXXX99">
               <IdPayInt V=""/>
               <IdBancInt V=""/>
               <CodeEtab V="xxxxx"/>
               <CodeGuic V="XXXXX"/>
               <IdCpte V="XXXXXXXXXXX"/>
               <CleRib V="99"/>
               <LibBanc V="CREDIT LYONNAIS"/>
               <TitCpte V="XXXXXXXXXXXXXXX"/>
               <DteBanc V="2005-01-31"/>








            </CptBancaire>














         </Agent>
         <Evenement generated-id="d1e123" tag-name="Evenement">
            <Code V="MIN" V2="MIN"/>
            <Description V="AVCT ECHELON AU TEMPS MINIMUM"/>

         </Evenement>
         <Service V="SERVICE" V2="SERVICE"/>
         <NBI V="0"/>
         <QuotiteTrav V="100"/>
         <Periode>
            <DateDebut V="2005-04-01"/>
            <DateFin V="2005-05-01"/>

         </Periode>
         <Remuneration>
            <TraitBrut generated-id="d1e144" tag-name="TraitBrut">
               <Libelle V="TRAIT.BASE TIT. MENS"/>
               <Code V="010N" V2="010N"/>
               <Base V="0"/>
               <Taux V="0"/>
               <NbUnite V="0"/>
               <Mt V="1228.28"/>
               <Ordre V="1"/>






            </TraitBrut>
            <IndemResid generated-id="d1e161" tag-name="IndemResid">
               <Libelle V="IND. RESIDENCE"/>
               <Code V="020N" V2="020N"/>
               <Base V="0"/>
               <Taux V="0"/>
               <NbUnite V="0"/>
               <Mt V="39.36"/>
               <CodeCaisse V="AD0001"/>
               <Ordre V="2"/>







            </IndemResid>
            <Indemnite generated-id="d1e180" tag-name="Indemnite">
               <Libelle V="IND FORF TRVX SUPPLE"/>
               <Code V="513N" V2="513N"/>
               <Base V="0"/>
               <Taux V="3"/>
               <NbUnite V="30"/>
               <Mt V="137.33"/>
               <CodeCaisse V="AD0001"/>
               <Ordre V="4"/>







            </Indemnite>
            <RemDivers generated-id="d1e199" tag-name="RemDivers">
               <Libelle V="REMBT. TRANSPORT"/>
               <Code V="349N" V2="349N"/>
               <Base V="0"/>
               <Taux V="0"/>
               <NbUnite V="30"/>
               <Mt V="32.4"/>
               <CodeCaisse V="AD0001"/>
               <Ordre V="5"/>







            </RemDivers>
            <RemDivers generated-id="d1e218" tag-name="RemDivers">
               <Libelle V="H NUIT NORM MAJOREES"/>
               <Code V="517N" V2="517N"/>
               <Base V="36"/>
               <Taux V="2.02"/>
               <NbUnite V="0"/>
               <Mt V="72.86"/>
               <CodeCaisse V="AD0001"/>
               <Ordre V="3"/>







            </RemDivers>
            <RemDivers generated-id="d1e238" tag-name="RemDivers">
               <Libelle V="H NORM SAMEDI  MAJ"/>
               <Code V="518N" V2="518N"/>
               <Base V="24"/>
               <Taux V="4.05"/>
               <NbUnite V="0"/>
               <Mt V="97.17"/>
               <CodeCaisse V="AD0001"/>
               <Ordre V="3"/>







            </RemDivers>
            <RemDivers generated-id="d1e257" tag-name="RemDivers">
               <Libelle V="H NORM DIM/JF  MAJ"/>
               <Code V="519N" V2="519N"/>
               <Base V="48"/>
               <Taux V="8.1"/>
               <NbUnite V="0"/>
               <Mt V="388.7"/>
               <CodeCaisse V="AD0001"/>
               <Ordre V="3"/>







            </RemDivers>
            <RemDivers generated-id="d1e276" tag-name="RemDivers">
               <Libelle V="HEURES SUPPLEM. TX1"/>
               <Code V="601N" V2="601N"/>
               <Base V="5"/>
               <Taux V="8.82"/>
               <NbUnite V="0"/>
               <Mt V="44.1"/>
               <Ordre V="3"/>






            </RemDivers>
            <RemDivers generated-id="d1e293" tag-name="RemDivers">
               <Libelle V="H. SUP. DIM. FERIES"/>
               <Code V="603N" V2="603N"/>
               <Base V="15"/>
               <Taux V="14.7"/>
               <NbUnite V="0"/>
               <Mt V="220.5"/>
               <Ordre V="3"/>






            </RemDivers>
            <RemDivers generated-id="d1e310" tag-name="RemDivers">
               <Libelle V="HEURES SUP. NUIT"/>
               <Code V="604N" V2="604N"/>
               <Base V="15"/>
               <Taux V="17.64"/>
               <NbUnite V="0"/>
               <Mt V="264.6"/>
               <Ordre V="3"/>






            </RemDivers>
            <Deduction generated-id="d1e327" tag-name="Deduction">
               <Libelle V="COT. CNRACL"/>
               <Code V="830C" V2="830C"/>
               <Base V="1242.71"/>
               <Taux V="7.85"/>
               <NbUnite V="0"/>
               <Mt V="97.55"/>
               <CodeCaisse V="CNRACL"/>
               <Ordre V="6"/>







            </Deduction>
            <Deduction generated-id="d1e347" tag-name="Deduction">
               <Libelle V="R.D.S."/>
               <Code V="844C" V2="844C"/>
               <Base V="2436.26"/>
               <Taux V="0.5"/>
               <NbUnite V="0"/>
               <Mt V="12.18"/>
               <CodeCaisse V="URSSAF"/>
               <Ordre V="5"/>







            </Deduction>
            <Deduction generated-id="d1e366" tag-name="Deduction">
               <Libelle V="COT. RETRAITE ADD FP"/>
               <Code V="845C" V2="845C"/>
               <Base V="248.53"/>
               <Taux V="5"/>
               <NbUnite V="0"/>
               <Mt V="12.43"/>
               <CodeCaisse V="RAFP"/>
               <Ordre V="6"/>







            </Deduction>
            <Deduction generated-id="d1e385" tag-name="Deduction">
               <Libelle V="CSG DEDUCTIBLE"/>
               <Code V="859C" V2="859C"/>
               <Base V="2436.26"/>
               <Taux V="5.1"/>
               <NbUnite V="0"/>
               <Mt V="124.25"/>
               <CodeCaisse V="URSSAF"/>
               <Ordre V="4"/>







            </Deduction>
            <Deduction generated-id="d1e404" tag-name="Deduction">
               <Libelle V="C.S.G."/>
               <Code V="869C" V2="869C"/>
               <Base V="2436.26"/>
               <Taux V="2.4"/>
               <NbUnite V="0"/>
               <Mt V="58.47"/>
               <CodeCaisse V="URSSAF"/>
               <Ordre V="5"/>







            </Deduction>
            <Rappel generated-id="d1e423" tag-name="Rappel">
               <Libelle V="RAP.TRAIT.BASE MENS"/>
               <Code V="010A" V2="010A"/>
               <Base V="0"/>
               <Taux V="0"/>
               <NbUnite V="0"/>
               <Mt V="14.43"/>
               <Ordre V="1"/>






            </Rappel>
            <Rappel generated-id="d1e440" tag-name="Rappel">
               <Libelle V="R H NUIT NORM MAJORE"/>
               <Code V="517A" V2="517A"/>
               <Base V="0"/>
               <Taux V="0"/>
               <NbUnite V="0"/>
               <Mt V="0.87"/>
               <CodeCaisse V="AD0001"/>
               <Ordre V="3"/>







            </Rappel>
            <Rappel generated-id="d1e460" tag-name="Rappel">
               <Libelle V="R NORM SAMEDI  MAJ"/>
               <Code V="518A" V2="518A"/>
               <Base V="0"/>
               <Taux V="0"/>
               <NbUnite V="0"/>
               <Mt V="1.13"/>
               <CodeCaisse V="AD0001"/>
               <Ordre V="3"/>







            </Rappel>
            <Rappel generated-id="d1e479" tag-name="Rappel">
               <Libelle V="R  NORM DIM/JF  MAJ"/>
               <Code V="519A" V2="519A"/>
               <Base V="0"/>
               <Taux V="0"/>
               <NbUnite V="0"/>
               <Mt V="2.28"/>
               <CodeCaisse V="AD0001"/>
               <Ordre V="3"/>







            </Rappel>
            <Retenue generated-id="d1e498" tag-name="Retenue">
               <Libelle V="PRELEVEM TITRE REPAS"/>
               <Code V="431N" V2="431N"/>
               <Base V="0"/>
               <Taux V="1.53"/>
               <NbUnite V="18"/>
               <Mt V="27.54"/>
               <CodeCaisse V="APDEP"/>
               <Ordre V="6"/>







            </Retenue>
            <Retenue generated-id="d1e517" tag-name="Retenue">
               <Libelle V="RETENUE CHEQUE VAC"/>
               <Code V="432N" V2="432N"/>
               <Base V="0"/>
               <Taux V="0"/>
               <NbUnite V="0"/>
               <Mt V="100"/>
               <CodeCaisse V="APDEP"/>
               <Ordre V="6"/>







            </Retenue>
            <Cotisation generated-id="d1e536" tag-name="Cotisation">
               <Libelle V="COT. SS TOT. RS"/>
               <Code V="801C" V2="801C"/>
               <Base V="1242.71"/>
               <Taux V="11.5"/>
               <NbUnite V="0"/>
               <Mt V="142.91"/>
               <CodeCaisse V="URSSAF"/>
               <Ordre V="3"/>







            </Cotisation>
            <Cotisation generated-id="d1e555" tag-name="Cotisation">
               <Libelle V="COT. FNAL PAT. R.S."/>
               <Code V="814C" V2="814C"/>
               <Base V="1242.71"/>
               <Taux V="0.1"/>
               <NbUnite V="0"/>
               <Mt V="1.24"/>
               <CodeCaisse V="URSSAF"/>
               <Ordre V="4"/>







            </Cotisation>
            <Cotisation generated-id="d1e575" tag-name="Cotisation">
               <Libelle V="COT.ALL.FAM.TOT.RS"/>
               <Code V="816C" V2="816C"/>
               <Base V="1242.71"/>
               <Taux V="5.4"/>
               <NbUnite V="0"/>
               <Mt V="67.11"/>
               <CodeCaisse V="URSSAF"/>
               <Ordre V="4"/>







            </Cotisation>
            <Cotisation generated-id="d1e594" tag-name="Cotisation">
               <Libelle V="COT. CNRACL"/>
               <Code V="831C" V2="831C"/>
               <Base V="1242.71"/>
               <Taux V="27.3"/>
               <NbUnite V="0"/>
               <Mt V="339.26"/>
               <CodeCaisse V="CNRACL"/>
               <Ordre V="6"/>







            </Cotisation>
            <Cotisation generated-id="d1e613" tag-name="Cotisation">
               <Libelle V="COT. FCCPA PAT."/>
               <Code V="833C" V2="833C"/>
               <Base V="1242.71"/>
               <Taux V="0.5"/>
               <NbUnite V="0"/>
               <Mt V="6.21"/>
               <CodeCaisse V="CNRACL"/>
               <Ordre V="6"/>







            </Cotisation>
            <Cotisation generated-id="d1e632" tag-name="Cotisation">
               <Libelle V="COT. ATIACL"/>
               <Code V="834C" V2="834C"/>
               <Base V="1242.71"/>
               <Taux V="0.5"/>
               <NbUnite V="0"/>
               <Mt V="6.21"/>
               <CodeCaisse V="CNRACL"/>
               <Ordre V="6"/>







            </Cotisation>
            <Cotisation generated-id="d1e651" tag-name="Cotisation">
               <Libelle V="TAXE TRANSPORT T. RS"/>
               <Code V="838C" V2="838C"/>
               <Base V="1242.71"/>
               <Taux V="1.4"/>
               <NbUnite V="0"/>
               <Mt V="17.4"/>
               <CodeCaisse V="URSSAF"/>
               <Ordre V="4"/>







            </Cotisation>
            <Cotisation generated-id="d1e670" tag-name="Cotisation">
               <Libelle V="COT. RETRAITE ADD FP"/>
               <Code V="846C" V2="846C"/>
               <Base V="248.53"/>
               <Taux V="5"/>
               <NbUnite V="0"/>
               <Mt V="12.43"/>
               <CodeCaisse V="RAFP"/>
               <Ordre V="6"/>







            </Cotisation>
            <Cotisation generated-id="d1e690" tag-name="Cotisation">
               <Libelle V="CONT SOLID AUTON TIT"/>
               <Code V="864C" V2="864C"/>
               <Base V="1242.71"/>
               <Taux V="0.3"/>
               <NbUnite V="0"/>
               <Mt V="3.73"/>
               <CodeCaisse V="URSSAF"/>
               <Ordre V="5"/>







            </Cotisation>
            <Cotisation generated-id="d1e709" tag-name="Cotisation">
               <Libelle V="COT. C.N.F.P.T"/>
               <Code V="870C" V2="870C"/>
               <Base V="1242.71"/>
               <Taux V="1"/>
               <NbUnite V="0"/>
               <Mt V="12.43"/>
               <CodeCaisse V="CNFPT"/>
               <Ordre V="4"/>







            </Cotisation>






























         </Remuneration>
         <NbHeureTotal V="186.67"/>
         <TauxHor V="0"/>
         <NbHeureSup V="35"/>
         <MtBrut V="2457.87"/>
         <MtNet V="2194.53"/>
         <MtNetAPayer V="2194.53"/>
         <DatePaiement V="2005-04-27"/>
         <MtImposable V="2277.38"/>
         <CumulMtImposable V="8106.83"/>
         <CumulMtBrut V="6466.71"/>
         <CumulBaseSS V="3586.1"/>

















      </PayeIndivMensuel>
   </DonneesIndiv>
</DocumentPaye>