<?xml version="1.0" encoding="UTF-8" standalone="yes"?>
<DocumentPaye xmlns="http://www.minefi.gouv.fr/cp/helios/pes_v2/paye_1_1"
              xmlns:xs="http://www.w3.org/2001/XMLSchema"
              xmlns:n="http://www.minefi.gouv.fr/cp/helios/pes_v2/paye_1_1"
              xmlns:added="http://projets.admisource.gouv.fr/xemelios/namespaces#added"
              xmlns:ano="http://projets.admisource.gouv.fr/xemelios/namespaces#anomally">
   <FileName xmlns="http://projets.admisource.gouv.fr/xemelios/namespaces#added" V="paye.xhl"/>
   <IdVer V="1.1"/>
   <Annee V="2011"/>
   <Mois V="8"/>
   <Train V="AGENTS"/>
   <Employeur>
      <Nom V="Conseil Général du Département Test"
           V2="CONSEIL GÉNÉRAL DU DÉPARTEMENT TEST"/>
      <APE V="789A"/>
      <Adresse>
         <TypAdr V="1"/>
         <Adr1 V="45 rue Lord Kitchener"/>
         <Adr2 V=""/>
         <Adr3 V=""/>
         <CP V="77777"/>
         <Ville V="VILLE"/>
         <CodRes V="0"/>
         <CodPays V="100"/>
         <DteAdr V="2012-01-15"/>








      </Adresse>
      <NumUrssaf V="9999999999"/>
      <Siret V="99999999900017"/>




   </Employeur>
   <DonneesIndiv>
      <PayeIndivMensuel added:primary-key="2011-8-232322">
         <Annee V="2011"/>
         <Mois V="8"/>
         <AnneeMois V="201108"/>
         <Agent>
            <Civilite V="MLLE"/>
            <Nom V="XXXXXXXX" V2="XXXXXXXX"/>
            <ComplNom V="XXXXXXX"/>
            <Prenom V="XXXXXXX" V2="XXXXXXX"/>
            <Matricule V="232322" V2="232322"/>
            <NIR V="1234567890123"/>
            <Adresse>
               <TypAdr V="1"/>
               <Adr1 V="XXXXXXXXX"/>
               <Adr2 V="XXXXXXX"/>
               <Adr3 V="XXXXX"/>
               <CP V="77777"/>
               <Ville V="VILLE"/>
               <CodRes V="0"/>
               <CodPays V="100"/>
               <DteAdr V="2004-09-16"/>








            </Adresse>
            <NbEnfants V="0"/>
            <Statut V="TITULAIRE"/>
            <EmploiMetier V="EMPLOI" V2="EMPLOI"/>
            <Grade V="GRADE"/>
            <Echelon V="11 EME ECHELON"/>
            <Indice V="351"/>
            <CptBancaire rib="xxxxxXXXXXXXXXXXXXXXX99">
               <IdPayInt V=""/>
               <IdBancInt V=""/>
               <CodeEtab V="xxxxx"/>
               <CodeGuic V="XXXXX"/>
               <IdCpte V="XXXXXXXXXXX"/>
               <CleRib V="99"/>
               <LibBanc V="CRCAM DE PARIS ET D ILE "/>
               <TitCpte V="XXXXXXXXXXXXXXX"/>
               <DteBanc V="2004-09-16"/>








            </CptBancaire>













         </Agent>
         <Evenement generated-id="d1e117" tag-name="Evenement">
            <Code V="INI" V2="INI"/>
            <Description V="INITIALISATION"/>

         </Evenement>
         <Service V="SERVICE" V2="SERVICE"/>
         <NBI V="0"/>
         <QuotiteTrav V="100"/>
         <Periode>
            <DateDebut V="2005-04-01"/>
            <DateFin V="2005-05-01"/>

         </Periode>
         <Remuneration>
            <TraitBrut generated-id="d1e138" tag-name="TraitBrut">
               <Libelle V="TRAIT.BASE TIT. MENS"/>
               <Code V="010N" V2="010N"/>
               <Base V="0"/>
               <Taux V="0"/>
               <NbUnite V="0"/>
               <Mt V="1550.82"/>
               <Ordre V="1"/>






            </TraitBrut>
            <IndemResid generated-id="d1e155" tag-name="IndemResid">
               <Libelle V="IND. RESIDENCE"/>
               <Code V="020N" V2="020N"/>
               <Base V="0"/>
               <Taux V="0"/>
               <NbUnite V="0"/>
               <Mt V="46.52"/>
               <CodeCaisse V="AD0001"/>
               <Ordre V="2"/>







            </IndemResid>
            <Indemnite generated-id="d1e174" tag-name="Indemnite">
               <Libelle V="PRIME - 13 HEURES"/>
               <Code V="521N" V2="521N"/>
               <Base V="0"/>
               <Taux V="0"/>
               <NbUnite V="0"/>
               <Mt V="131.15"/>
               <CodeCaisse V="AD0001"/>
               <Ordre V="4"/>







            </Indemnite>
            <Indemnite generated-id="d1e193" tag-name="Indemnite">
               <Libelle V="IND. SPEC. SUJETION"/>
               <Code V="523N" V2="523N"/>
               <Base V="0"/>
               <Taux V="0"/>
               <NbUnite V="30"/>
               <Mt V="155.08"/>
               <CodeCaisse V="AD0001"/>
               <Ordre V="4"/>







            </Indemnite>
            <Indemnite generated-id="d1e212" tag-name="Indemnite">
               <Libelle V="IND.SPEC.SUJ.DIM/J.F"/>
               <Code V="530N" V2="530N"/>
               <Base V="0"/>
               <Taux V="0"/>
               <NbUnite V="0"/>
               <Mt V="101"/>
               <CodeCaisse V="AD0001"/>
               <Ordre V="4"/>







            </Indemnite>
            <Indemnite generated-id="d1e232" tag-name="Indemnite">
               <Libelle V="PRIME D'AUXILIAIRE"/>
               <Code V="538N" V2="538N"/>
               <Base V="0"/>
               <Taux V="0"/>
               <NbUnite V="0"/>
               <Mt V="15.24"/>
               <CodeCaisse V="AD0001"/>
               <Ordre V="4"/>







            </Indemnite>
            <Deduction generated-id="d1e251" tag-name="Deduction">
               <Libelle V="COT. CNRACL"/>
               <Code V="830C" V2="830C"/>
               <Base V="1612.85"/>
               <Taux V="7.85"/>
               <NbUnite V="0"/>
               <Mt V="126.61"/>
               <CodeCaisse V="CNRACL"/>
               <Ordre V="6"/>







            </Deduction>
            <Deduction generated-id="d1e270" tag-name="Deduction">
               <Libelle V="R.D.S."/>
               <Code V="844C" V2="844C"/>
               <Base V="1939.82"/>
               <Taux V="0.5"/>
               <NbUnite V="0"/>
               <Mt V="9.7"/>
               <CodeCaisse V="URSSAF"/>
               <Ordre V="5"/>







            </Deduction>
            <Deduction generated-id="d1e289" tag-name="Deduction">
               <Libelle V="COT. RETRAITE ADD FP"/>
               <Code V="845C" V2="845C"/>
               <Base V="310.16"/>
               <Taux V="5"/>
               <NbUnite V="0"/>
               <Mt V="15.51"/>
               <CodeCaisse V="RAFP"/>
               <Ordre V="6"/>







            </Deduction>
            <Deduction generated-id="d1e308" tag-name="Deduction">
               <Libelle V="RET SUPP AIDE SOIG"/>
               <Code V="855C" V2="855C"/>
               <Base V="62.03"/>
               <Taux V="1.5"/>
               <NbUnite V="0"/>
               <Mt V="0.93"/>
               <CodeCaisse V="CNRACL"/>
               <Ordre V="5"/>







            </Deduction>
            <Deduction generated-id="d1e327" tag-name="Deduction">
               <Libelle V="CSG DEDUCTIBLE"/>
               <Code V="859C" V2="859C"/>
               <Base V="1939.82"/>
               <Taux V="5.1"/>
               <NbUnite V="0"/>
               <Mt V="98.93"/>
               <CodeCaisse V="URSSAF"/>
               <Ordre V="4"/>







            </Deduction>
            <Deduction generated-id="d1e347" tag-name="Deduction">
               <Libelle V="COT. FONDS SOLIDAR."/>
               <Code V="860C" V2="860C"/>
               <Base V="1856.76"/>
               <Taux V="1"/>
               <NbUnite V="0"/>
               <Mt V="18.57"/>
               <CodeCaisse V="SOLID"/>
               <Ordre V="4"/>







            </Deduction>
            <Deduction generated-id="d1e366" tag-name="Deduction">
               <Libelle V="C.S.G."/>
               <Code V="869C" V2="869C"/>
               <Base V="1939.82"/>
               <Taux V="2.4"/>
               <NbUnite V="0"/>
               <Mt V="46.56"/>
               <CodeCaisse V="URSSAF"/>
               <Ordre V="5"/>







            </Deduction>
            <Retenue generated-id="d1e385" tag-name="Retenue">
               <Libelle V="M.G.P.A.T OUVRIERE"/>
               <Code V="402M" V2="402M"/>
               <Base V="0"/>
               <Taux V="0"/>
               <NbUnite V="0"/>
               <Mt V="99.88"/>
               <CodeCaisse V="MGPAT"/>
               <Ordre V="6"/>







            </Retenue>
            <Retenue generated-id="d1e404" tag-name="Retenue">
               <Libelle V="RETENUE CHEQUE VAC"/>
               <Code V="432N" V2="432N"/>
               <Base V="0"/>
               <Taux V="0"/>
               <NbUnite V="0"/>
               <Mt V="100"/>
               <CodeCaisse V="APDEP"/>
               <Ordre V="6"/>







            </Retenue>
            <Cotisation generated-id="d1e423" tag-name="Cotisation">
               <Libelle V="COT. SS TOT. RS"/>
               <Code V="801C" V2="801C"/>
               <Base V="1550.82"/>
               <Taux V="11.5"/>
               <NbUnite V="0"/>
               <Mt V="178.34"/>
               <CodeCaisse V="URSSAF"/>
               <Ordre V="3"/>







            </Cotisation>
            <Cotisation generated-id="d1e442" tag-name="Cotisation">
               <Libelle V="COT. FNAL PAT. R.S."/>
               <Code V="814C" V2="814C"/>
               <Base V="1550.82"/>
               <Taux V="0.1"/>
               <NbUnite V="0"/>
               <Mt V="1.55"/>
               <CodeCaisse V="URSSAF"/>
               <Ordre V="4"/>







            </Cotisation>
            <Cotisation generated-id="d1e462" tag-name="Cotisation">
               <Libelle V="COT.ALL.FAM.TOT.RS"/>
               <Code V="816C" V2="816C"/>
               <Base V="1550.82"/>
               <Taux V="5.4"/>
               <NbUnite V="0"/>
               <Mt V="83.74"/>
               <CodeCaisse V="URSSAF"/>
               <Ordre V="4"/>







            </Cotisation>
            <Cotisation generated-id="d1e481" tag-name="Cotisation">
               <Libelle V="COT. CNRACL"/>
               <Code V="831C" V2="831C"/>
               <Base V="1612.85"/>
               <Taux V="27.3"/>
               <NbUnite V="0"/>
               <Mt V="440.31"/>
               <CodeCaisse V="CNRACL"/>
               <Ordre V="6"/>







            </Cotisation>
            <Cotisation generated-id="d1e500" tag-name="Cotisation">
               <Libelle V="COT. ATIACL"/>
               <Code V="834C" V2="834C"/>
               <Base V="1550.82"/>
               <Taux V="0.5"/>
               <NbUnite V="0"/>
               <Mt V="7.75"/>
               <CodeCaisse V="CNRACL"/>
               <Ordre V="6"/>







            </Cotisation>
            <Cotisation generated-id="d1e519" tag-name="Cotisation">
               <Libelle V="TAXE TRANSPORT T. RS"/>
               <Code V="838C" V2="838C"/>
               <Base V="1550.82"/>
               <Taux V="1.4"/>
               <NbUnite V="0"/>
               <Mt V="21.71"/>
               <CodeCaisse V="URSSAF"/>
               <Ordre V="4"/>







            </Cotisation>
            <Cotisation generated-id="d1e538" tag-name="Cotisation">
               <Libelle V="COT. RETRAITE ADD FP"/>
               <Code V="846C" V2="846C"/>
               <Base V="310.16"/>
               <Taux V="5"/>
               <NbUnite V="0"/>
               <Mt V="15.51"/>
               <CodeCaisse V="RAFP"/>
               <Ordre V="6"/>







            </Cotisation>
            <Cotisation generated-id="d1e557" tag-name="Cotisation">
               <Libelle V="CONT SUPP AIDE SOIG"/>
               <Code V="856C" V2="856C"/>
               <Base V="62.03"/>
               <Taux V="3.5"/>
               <NbUnite V="0"/>
               <Mt V="2.17"/>
               <CodeCaisse V="CNRACL"/>
               <Ordre V="5"/>







            </Cotisation>
            <Cotisation generated-id="d1e577" tag-name="Cotisation">
               <Libelle V="CONT SOLID AUTON TIT"/>
               <Code V="864C" V2="864C"/>
               <Base V="1550.82"/>
               <Taux V="0.3"/>
               <NbUnite V="0"/>
               <Mt V="4.65"/>
               <CodeCaisse V="URSSAF"/>
               <Ordre V="5"/>







            </Cotisation>
            <Cotisation generated-id="d1e596" tag-name="Cotisation">
               <Libelle V="FDS EMP. HOSPITALIER"/>
               <Code V="874C" V2="874C"/>
               <Base V="1612.85"/>
               <Taux V="1"/>
               <NbUnite V="0"/>
               <Mt V="16.13"/>
               <CodeCaisse V="CNRACL"/>
               <Ordre V="4"/>







            </Cotisation>
























         </Remuneration>
         <NbHeureTotal V="151.67"/>
         <TauxHor V="0"/>
         <NbHeureSup V="0"/>
         <MtBrut V="1943.48"/>
         <MtNet V="1735.25"/>
         <MtNetAPayer V="1735.25"/>
         <DatePaiement V="2005-04-27"/>
         <MtImposable V="1824.66"/>
         <CumulMtImposable V="8628.63"/>
         <CumulMtBrut V="7775.96"/>
         <CumulBaseSS V="4644.74"/>
         <RepartitionBudget generated-id="d1e639" tag-name="RepartitionBudget">
            <CodeBudget V="00"/>
            <Mt V="1623.57"/>

         </RepartitionBudget>
         <RepartitionBudget generated-id="d1e645" tag-name="RepartitionBudget">
            <CodeBudget V="01"/>
            <Mt V="319.91"/>

         </RepartitionBudget>



















      </PayeIndivMensuel>
   </DonneesIndiv>
</DocumentPaye>