<?xml version="1.0" encoding="UTF-8" standalone="yes"?>
<DocumentPaye xmlns="http://www.minefi.gouv.fr/cp/helios/pes_v2/paye_1_1"
              xmlns:xs="http://www.w3.org/2001/XMLSchema"
              xmlns:n="http://www.minefi.gouv.fr/cp/helios/pes_v2/paye_1_1"
              xmlns:added="http://projets.admisource.gouv.fr/xemelios/namespaces#added"
              xmlns:ano="http://projets.admisource.gouv.fr/xemelios/namespaces#anomally">
   <FileName xmlns="http://projets.admisource.gouv.fr/xemelios/namespaces#added" V="paye.xhl"/>
   <IdVer V="1.1"/>
   <Annee V="2011"/>
   <Mois V="8"/>
   <Train V="AGENTS"/>
   <Employeur>
      <Nom V="Conseil Général du Département Test"
           V2="CONSEIL GÉNÉRAL DU DÉPARTEMENT TEST"/>
      <APE V="789A"/>
      <Adresse>
         <TypAdr V="1"/>
         <Adr1 V="45 rue Lord Kitchener"/>
         <Adr2 V=""/>
         <Adr3 V=""/>
         <CP V="77777"/>
         <Ville V="VILLE"/>
         <CodRes V="0"/>
         <CodPays V="100"/>
         <DteAdr V="2012-01-15"/>








      </Adresse>
      <NumUrssaf V="9999999999"/>
      <Siret V="99999999900017"/>




   </Employeur>
   <DonneesIndiv>
      <PayeIndivMensuel added:primary-key="2011-8-834384">
         <Annee V="2011"/>
         <Mois V="8"/>
         <AnneeMois V="201108"/>
         <Agent>
            <Civilite V="MADAME"/>
            <Nom V="XXXXXXXX" V2="XXXXXXXX"/>
            <ComplNom V="XXXXXXX"/>
            <Prenom V="XXXXXXX" V2="XXXXXXX"/>
            <Matricule V="834384" V2="834384"/>
            <NIR V="1234567890123"/>
            <Adresse>
               <TypAdr V="1"/>
               <Adr1 V="XXXXXXXXX"/>
               <Adr2 V="XXXXXXX"/>
               <Adr3 V="XXXXX"/>
               <CP V="77777"/>
               <Ville V="VILLE"/>
               <CodRes V="0"/>
               <CodPays V="100"/>
               <DteAdr V="2005-01-24"/>








            </Adresse>
            <NbEnfants V="1"/>
            <Statut V="TITULAIRE"/>
            <RefNomenStatutaire desc="ADJOINT ADMINISTRATIF (AAJ1)">
               <Code V="AAJ1" V2="AAJ1"/>
               <Libelle V="ADJOINT ADMINISTRATIF"/>

            </RefNomenStatutaire>
            <EmploiMetier V="EMPLOI" V2="EMPLOI"/>
            <Grade V="GRADE"/>
            <Echelon V="5  EME ECHELON"/>
            <Indice V="297"/>
            <CptBancaire rib="xxxxxXXXXXXXXXXXXXXXX99">
               <IdPayInt V=""/>
               <IdBancInt V=""/>
               <CodeEtab V="xxxxx"/>
               <CodeGuic V="XXXXX"/>
               <IdCpte V="XXXXXXXXXXX"/>
               <CleRib V="99"/>
               <LibBanc V="CRCAM DE PARIS ET D ILE "/>
               <TitCpte V="XXXXXXXXXXXXXXX"/>
               <DteBanc V="2005-01-24"/>








            </CptBancaire>














         </Agent>
         <Evenement generated-id="d1e123" tag-name="Evenement">
            <Code V="MIN" V2="MIN"/>
            <Description V="AVCT ECHELON AU TEMPS MINIMUM"/>

         </Evenement>
         <Service V="SERVICE" V2="SERVICE"/>
         <NBI V="15"/>
         <QuotiteTrav V="100"/>
         <Periode>
            <DateDebut V="2005-01-01"/>
            <DateFin V="2005-12-31"/>

         </Periode>
         <Remuneration>
            <TraitBrut generated-id="d1e144" tag-name="TraitBrut">
               <Libelle V="TRAIT.BASE TIT. MENS"/>
               <Code V="010N" V2="010N"/>
               <Base V="0"/>
               <Taux V="0"/>
               <NbUnite V="0"/>
               <Mt V="1378.51"/>
               <Ordre V="1"/>






            </TraitBrut>
            <IndemResid generated-id="d1e161" tag-name="IndemResid">
               <Libelle V="IND. RESIDENCE"/>
               <Code V="020N" V2="020N"/>
               <Base V="0"/>
               <Taux V="0"/>
               <NbUnite V="0"/>
               <Mt V="41.35"/>
               <CodeCaisse V="AD0001"/>
               <Ordre V="2"/>







            </IndemResid>
            <SupFam generated-id="d1e180" tag-name="SupFam">
               <Libelle V="SUPPLEMT FAMILIAL TI"/>
               <Code V="030N" V2="030N"/>
               <Base V="0"/>
               <Taux V="0"/>
               <NbUnite V="0"/>
               <Mt V="2.29"/>
               <CodeCaisse V="AD0001"/>
               <Ordre V="3"/>







            </SupFam>
            <Indemnite generated-id="d1e199" tag-name="Indemnite">
               <Libelle V="IND FORF TRVX SUPPLE"/>
               <Code V="513N" V2="513N"/>
               <Base V="0"/>
               <Taux V="2"/>
               <NbUnite V="30"/>
               <Mt V="113.53"/>
               <CodeCaisse V="AD0001"/>
               <Ordre V="4"/>







            </Indemnite>
            <Deduction generated-id="d1e218" tag-name="Deduction">
               <Libelle V="COT. CNRACL"/>
               <Code V="830C" V2="830C"/>
               <Base V="1478.62"/>
               <Taux V="7.85"/>
               <NbUnite V="0"/>
               <Mt V="116.07"/>
               <CodeCaisse V="CNRACL"/>
               <Ordre V="6"/>







            </Deduction>
            <Deduction generated-id="d1e238" tag-name="Deduction">
               <Libelle V="R.D.S."/>
               <Code V="844C" V2="844C"/>
               <Base V="1589.63"/>
               <Taux V="0.5"/>
               <NbUnite V="0"/>
               <Mt V="7.95"/>
               <CodeCaisse V="URSSAF"/>
               <Ordre V="5"/>







            </Deduction>
            <Deduction generated-id="d1e257" tag-name="Deduction">
               <Libelle V="COT. RETRAITE ADD FP"/>
               <Code V="845C" V2="845C"/>
               <Base V="160.17"/>
               <Taux V="5"/>
               <NbUnite V="0"/>
               <Mt V="8.01"/>
               <CodeCaisse V="RAFP"/>
               <Ordre V="6"/>







            </Deduction>
            <Deduction generated-id="d1e276" tag-name="Deduction">
               <Libelle V="CSG DEDUCTIBLE"/>
               <Code V="859C" V2="859C"/>
               <Base V="1589.63"/>
               <Taux V="5.1"/>
               <NbUnite V="0"/>
               <Mt V="81.07"/>
               <CodeCaisse V="URSSAF"/>
               <Ordre V="4"/>







            </Deduction>
            <Deduction generated-id="d1e295" tag-name="Deduction">
               <Libelle V="COT. FONDS SOLIDAR."/>
               <Code V="860C" V2="860C"/>
               <Base V="1514.71"/>
               <Taux V="1"/>
               <NbUnite V="0"/>
               <Mt V="15.15"/>
               <CodeCaisse V="SOLID"/>
               <Ordre V="4"/>







            </Deduction>
            <Deduction generated-id="d1e314" tag-name="Deduction">
               <Libelle V="C.S.G."/>
               <Code V="869C" V2="869C"/>
               <Base V="1589.63"/>
               <Taux V="2.4"/>
               <NbUnite V="0"/>
               <Mt V="38.15"/>
               <CodeCaisse V="URSSAF"/>
               <Ordre V="5"/>







            </Deduction>
            <Rappel generated-id="d1e333" tag-name="Rappel">
               <Libelle V="RAP.TRAIT.BASE MENS"/>
               <Code V="010A" V2="010A"/>
               <Base V="0"/>
               <Taux V="0"/>
               <NbUnite V="0"/>
               <Mt V="100.11"/>
               <Ordre V="1"/>






            </Rappel>
            <Rappel generated-id="d1e351" tag-name="Rappel">
               <Libelle V="RAP.IND.RESID.TIT"/>
               <Code V="020A" V2="020A"/>
               <Base V="0"/>
               <Taux V="0"/>
               <NbUnite V="0"/>
               <Mt V="3"/>
               <CodeCaisse V="AD0001"/>
               <Ordre V="2"/>







            </Rappel>
            <Rappel generated-id="d1e370" tag-name="Rappel">
               <Libelle V="RAP.COT.FONDS SOLID"/>
               <Code V="860A" V2="860A"/>
               <Base V="4208.89"/>
               <Taux V="1"/>
               <NbUnite V="0"/>
               <Mt V="42.09"/>
               <CodeCaisse V="SOLID"/>
               <Ordre V="4"/>







            </Rappel>
            <Retenue generated-id="d1e389" tag-name="Retenue">
               <Libelle V="PRELEVEM TITRE REPAS"/>
               <Code V="431N" V2="431N"/>
               <Base V="0"/>
               <Taux V="1.53"/>
               <NbUnite V="16"/>
               <Mt V="24.48"/>
               <CodeCaisse V="APDEP"/>
               <Ordre V="6"/>







            </Retenue>
            <Cotisation generated-id="d1e408" tag-name="Cotisation">
               <Libelle V="COT. SS TOT. RS"/>
               <Code V="801C" V2="801C"/>
               <Base V="1478.62"/>
               <Taux V="11.5"/>
               <NbUnite V="0"/>
               <Mt V="170.04"/>
               <CodeCaisse V="URSSAF"/>
               <Ordre V="3"/>







            </Cotisation>
            <Cotisation generated-id="d1e427" tag-name="Cotisation">
               <Libelle V="COT. FNAL PAT. R.S."/>
               <Code V="814C" V2="814C"/>
               <Base V="1478.62"/>
               <Taux V="0.1"/>
               <NbUnite V="0"/>
               <Mt V="1.48"/>
               <CodeCaisse V="URSSAF"/>
               <Ordre V="4"/>







            </Cotisation>
            <Cotisation generated-id="d1e446" tag-name="Cotisation">
               <Libelle V="COT.ALL.FAM.TOT.RS"/>
               <Code V="816C" V2="816C"/>
               <Base V="1478.62"/>
               <Taux V="5.4"/>
               <NbUnite V="0"/>
               <Mt V="79.85"/>
               <CodeCaisse V="URSSAF"/>
               <Ordre V="4"/>







            </Cotisation>
            <Cotisation generated-id="d1e466" tag-name="Cotisation">
               <Libelle V="COT. CNRACL"/>
               <Code V="831C" V2="831C"/>
               <Base V="1478.62"/>
               <Taux V="27.3"/>
               <NbUnite V="0"/>
               <Mt V="403.66"/>
               <CodeCaisse V="CNRACL"/>
               <Ordre V="6"/>







            </Cotisation>
            <Cotisation generated-id="d1e485" tag-name="Cotisation">
               <Libelle V="COT. FCCPA PAT."/>
               <Code V="833C" V2="833C"/>
               <Base V="1478.62"/>
               <Taux V="0.5"/>
               <NbUnite V="0"/>
               <Mt V="7.39"/>
               <CodeCaisse V="CNRACL"/>
               <Ordre V="6"/>







            </Cotisation>
            <Cotisation generated-id="d1e504" tag-name="Cotisation">
               <Libelle V="COT. ATIACL"/>
               <Code V="834C" V2="834C"/>
               <Base V="1412.35"/>
               <Taux V="0.5"/>
               <NbUnite V="0"/>
               <Mt V="7.06"/>
               <CodeCaisse V="CNRACL"/>
               <Ordre V="6"/>







            </Cotisation>
            <Cotisation generated-id="d1e523" tag-name="Cotisation">
               <Libelle V="TAXE TRANSPORT T. RS"/>
               <Code V="838C" V2="838C"/>
               <Base V="1478.62"/>
               <Taux V="1.4"/>
               <NbUnite V="0"/>
               <Mt V="20.7"/>
               <CodeCaisse V="URSSAF"/>
               <Ordre V="4"/>







            </Cotisation>
            <Cotisation generated-id="d1e542" tag-name="Cotisation">
               <Libelle V="COT. RETRAITE ADD FP"/>
               <Code V="846C" V2="846C"/>
               <Base V="160.17"/>
               <Taux V="5"/>
               <NbUnite V="0"/>
               <Mt V="8.01"/>
               <CodeCaisse V="RAFP"/>
               <Ordre V="6"/>







            </Cotisation>
            <Cotisation generated-id="d1e561" tag-name="Cotisation">
               <Libelle V="CONT SOLID AUTON TIT"/>
               <Code V="864C" V2="864C"/>
               <Base V="1478.62"/>
               <Taux V="0.3"/>
               <NbUnite V="0"/>
               <Mt V="4.44"/>
               <CodeCaisse V="URSSAF"/>
               <Ordre V="5"/>







            </Cotisation>
            <Cotisation generated-id="d1e581" tag-name="Cotisation">
               <Libelle V="COT. C.N.F.P.T"/>
               <Code V="870C" V2="870C"/>
               <Base V="1478.62"/>
               <Taux V="1"/>
               <NbUnite V="0"/>
               <Mt V="14.79"/>
               <CodeCaisse V="CNFPT"/>
               <Ordre V="4"/>







            </Cotisation>























         </Remuneration>
         <NbHeureTotal V="151.67"/>
         <TauxHor V="0"/>
         <NbHeureSup V="0"/>
         <MtBrut V="1475.58"/>
         <MtNet V="1305.82"/>
         <MtNetAPayer V="1305.82"/>
         <DatePaiement V="2005-04-27"/>
         <MtImposable V="1376.4"/>
         <CumulMtImposable V="5368.29"/>
         <CumulMtBrut V="4563.55"/>
         <CumulBaseSS V="3952.06"/>

















      </PayeIndivMensuel>
   </DonneesIndiv>
</DocumentPaye>