<?xml version="1.0" encoding="UTF-8" standalone="yes"?>
<DocumentPaye xmlns="http://www.minefi.gouv.fr/cp/helios/pes_v2/paye_1_1"
              xmlns:xs="http://www.w3.org/2001/XMLSchema"
              xmlns:n="http://www.minefi.gouv.fr/cp/helios/pes_v2/paye_1_1"
              xmlns:added="http://projets.admisource.gouv.fr/xemelios/namespaces#added"
              xmlns:ano="http://projets.admisource.gouv.fr/xemelios/namespaces#anomally">
   <FileName xmlns="http://projets.admisource.gouv.fr/xemelios/namespaces#added" V="paye.xhl"/>
   <IdVer V="1.1"/>
   <Annee V="2011"/>
   <Mois V="8"/>
   <Train V="AGENTS"/>
   <Employeur>
      <Nom V="Conseil Général du Département Test"
           V2="CONSEIL GÉNÉRAL DU DÉPARTEMENT TEST"/>
      <APE V="789A"/>
      <Adresse>
         <TypAdr V="1"/>
         <Adr1 V="45 rue Lord Kitchener"/>
         <Adr2 V=""/>
         <Adr3 V=""/>
         <CP V="77777"/>
         <Ville V="VILLE"/>
         <CodRes V="0"/>
         <CodPays V="100"/>
         <DteAdr V="2012-01-15"/>








      </Adresse>
      <NumUrssaf V="9999999999"/>
      <Siret V="99999999900017"/>




   </Employeur>
   <DonneesIndiv>
      <PayeIndivMensuel added:primary-key="2011-8-326236">
         <Annee V="2011"/>
         <Mois V="8"/>
         <AnneeMois V="201108"/>
         <Agent>
            <Civilite V="MONSIEUR"/>
            <Nom V="XXXXXXXX" V2="XXXXXXXX"/>
            <ComplNom V="XXXXXXX"/>
            <Prenom V="XXXXXXX" V2="XXXXXXX"/>
            <Matricule V="326236" V2="326236"/>
            <NIR V="1234567890123"/>
            <Adresse>
               <TypAdr V="1"/>
               <Adr1 V="XXXXXXXXX"/>
               <Adr2 V="XXXXXXX"/>
               <Adr3 V="XXXXX"/>
               <CP V="77777"/>
               <Ville V="VILLE"/>
               <CodRes V="0"/>
               <CodPays V="100"/>
               <DteAdr V="2005-02-09"/>








            </Adresse>
            <NbEnfants V="0"/>
            <Statut V="STAGIAIRE"/>
            <RefNomenStatutaire desc="ADJOINT ADMINISTRATIF (SAJ1)">
               <Code V="SAJ1" V2="SAJ1"/>
               <Libelle V="ADJOINT ADMINISTRATIF"/>

            </RefNomenStatutaire>
            <EmploiMetier V="EMPLOI" V2="EMPLOI"/>
            <Grade V="GRADE"/>
            <Echelon V="1  ER  ECHELON"/>
            <Indice V="266"/>
            <CptBancaire rib="xxxxxXXXXXXXXXXXXXXXX99">
               <IdPayInt V=""/>
               <IdBancInt V=""/>
               <CodeEtab V="xxxxx"/>
               <CodeGuic V="XXXXX"/>
               <IdCpte V="XXXXXXXXXXX"/>
               <CleRib V="99"/>
               <LibBanc V="CREDIT LYONNAIS"/>
               <TitCpte V="XXXXXXXXXXXXXXX"/>
               <DteBanc V="2005-02-09"/>








            </CptBancaire>














         </Agent>
         <Evenement generated-id="d1e123" tag-name="Evenement">
            <Code V="SCO" V2="SCO"/>
            <Description V="RECRUTEMENT PAR CONCOURS"/>

         </Evenement>
         <Service V="SERVICE" V2="SERVICE"/>
         <NBI V="0"/>
         <QuotiteTrav V="100"/>
         <Periode>
            <DateDebut V="2005-01-01"/>
            <DateFin V="2005-12-31"/>

         </Periode>
         <Remuneration>
            <TraitBrut generated-id="d1e144" tag-name="TraitBrut">
               <Libelle V="TRAIT.BASE TIT. MENS"/>
               <Code V="010N" V2="010N"/>
               <Base V="0"/>
               <Taux V="0"/>
               <NbUnite V="0"/>
               <Mt V="1347.58"/>
               <Ordre V="1"/>






            </TraitBrut>
            <IndemResid generated-id="d1e161" tag-name="IndemResid">
               <Libelle V="IND. RESIDENCE"/>
               <Code V="020N" V2="020N"/>
               <Base V="0"/>
               <Taux V="0"/>
               <NbUnite V="0"/>
               <Mt V="40.42"/>
               <CodeCaisse V="AD0001"/>
               <Ordre V="2"/>







            </IndemResid>
            <Indemnite generated-id="d1e180" tag-name="Indemnite">
               <Libelle V="IND FORF TRVX SUPPLE"/>
               <Code V="513N" V2="513N"/>
               <Base V="0"/>
               <Taux V="3"/>
               <NbUnite V="30"/>
               <Mt V="137.33"/>
               <CodeCaisse V="AD0001"/>
               <Ordre V="4"/>







            </Indemnite>
            <RemDivers generated-id="d1e199" tag-name="RemDivers">
               <Libelle V="HEURES SUPPLEM. TX1"/>
               <Code V="601N" V2="601N"/>
               <Base V="9"/>
               <Taux V="9.79"/>
               <NbUnite V="0"/>
               <Mt V="88.11"/>
               <Ordre V="3"/>






            </RemDivers>
            <Deduction generated-id="d1e216" tag-name="Deduction">
               <Libelle V="COT. CNRACL"/>
               <Code V="830C" V2="830C"/>
               <Base V="1347.58"/>
               <Taux V="7.85"/>
               <NbUnite V="0"/>
               <Mt V="105.79"/>
               <CodeCaisse V="CNRACL"/>
               <Ordre V="6"/>







            </Deduction>
            <Deduction generated-id="d1e236" tag-name="Deduction">
               <Libelle V="R.D.S."/>
               <Code V="844C" V2="844C"/>
               <Base V="1565.04"/>
               <Taux V="0.5"/>
               <NbUnite V="0"/>
               <Mt V="7.83"/>
               <CodeCaisse V="URSSAF"/>
               <Ordre V="5"/>







            </Deduction>
            <Deduction generated-id="d1e255" tag-name="Deduction">
               <Libelle V="COT. RETRAITE ADD FP"/>
               <Code V="845C" V2="845C"/>
               <Base V="269.51"/>
               <Taux V="5"/>
               <NbUnite V="0"/>
               <Mt V="13.48"/>
               <CodeCaisse V="RAFP"/>
               <Ordre V="6"/>







            </Deduction>
            <Deduction generated-id="d1e274" tag-name="Deduction">
               <Libelle V="CSG DEDUCTIBLE"/>
               <Code V="859C" V2="859C"/>
               <Base V="1565.04"/>
               <Taux V="5.1"/>
               <NbUnite V="0"/>
               <Mt V="79.82"/>
               <CodeCaisse V="URSSAF"/>
               <Ordre V="4"/>







            </Deduction>
            <Deduction generated-id="d1e293" tag-name="Deduction">
               <Libelle V="C.S.G."/>
               <Code V="869C" V2="869C"/>
               <Base V="1565.04"/>
               <Taux V="2.4"/>
               <NbUnite V="0"/>
               <Mt V="37.56"/>
               <CodeCaisse V="URSSAF"/>
               <Ordre V="5"/>







            </Deduction>
            <Retenue generated-id="d1e312" tag-name="Retenue">
               <Libelle V="M.G.P.A.T OUVRIERE"/>
               <Code V="402M" V2="402M"/>
               <Base V="0"/>
               <Taux V="0"/>
               <NbUnite V="0"/>
               <Mt V="74.23"/>
               <CodeCaisse V="MGPAT"/>
               <Ordre V="6"/>







            </Retenue>
            <Retenue generated-id="d1e331" tag-name="Retenue">
               <Libelle V="PRELEVEM TITRE REPAS"/>
               <Code V="431N" V2="431N"/>
               <Base V="0"/>
               <Taux V="1.53"/>
               <NbUnite V="18"/>
               <Mt V="27.54"/>
               <CodeCaisse V="APDEP"/>
               <Ordre V="6"/>







            </Retenue>
            <Cotisation generated-id="d1e351" tag-name="Cotisation">
               <Libelle V="COT. SS TOT. RS"/>
               <Code V="801C" V2="801C"/>
               <Base V="1347.58"/>
               <Taux V="11.5"/>
               <NbUnite V="0"/>
               <Mt V="154.97"/>
               <CodeCaisse V="URSSAF"/>
               <Ordre V="3"/>







            </Cotisation>
            <Cotisation generated-id="d1e370" tag-name="Cotisation">
               <Libelle V="COT. FNAL PAT. R.S."/>
               <Code V="814C" V2="814C"/>
               <Base V="1347.58"/>
               <Taux V="0.1"/>
               <NbUnite V="0"/>
               <Mt V="1.35"/>
               <CodeCaisse V="URSSAF"/>
               <Ordre V="4"/>







            </Cotisation>
            <Cotisation generated-id="d1e389" tag-name="Cotisation">
               <Libelle V="COT.ALL.FAM.TOT.RS"/>
               <Code V="816C" V2="816C"/>
               <Base V="1347.58"/>
               <Taux V="5.4"/>
               <NbUnite V="0"/>
               <Mt V="72.77"/>
               <CodeCaisse V="URSSAF"/>
               <Ordre V="4"/>







            </Cotisation>
            <Cotisation generated-id="d1e408" tag-name="Cotisation">
               <Libelle V="COT. CNRACL"/>
               <Code V="831C" V2="831C"/>
               <Base V="1347.58"/>
               <Taux V="27.3"/>
               <NbUnite V="0"/>
               <Mt V="367.89"/>
               <CodeCaisse V="CNRACL"/>
               <Ordre V="6"/>







            </Cotisation>
            <Cotisation generated-id="d1e427" tag-name="Cotisation">
               <Libelle V="COT. FCCPA PAT."/>
               <Code V="833C" V2="833C"/>
               <Base V="1347.58"/>
               <Taux V="0.5"/>
               <NbUnite V="0"/>
               <Mt V="6.74"/>
               <CodeCaisse V="CNRACL"/>
               <Ordre V="6"/>







            </Cotisation>
            <Cotisation generated-id="d1e446" tag-name="Cotisation">
               <Libelle V="COT. ATIACL"/>
               <Code V="834C" V2="834C"/>
               <Base V="1347.58"/>
               <Taux V="0.5"/>
               <NbUnite V="0"/>
               <Mt V="6.74"/>
               <CodeCaisse V="CNRACL"/>
               <Ordre V="6"/>







            </Cotisation>
            <Cotisation generated-id="d1e466" tag-name="Cotisation">
               <Libelle V="TAXE TRANSPORT T. RS"/>
               <Code V="838C" V2="838C"/>
               <Base V="1347.58"/>
               <Taux V="1.4"/>
               <NbUnite V="0"/>
               <Mt V="18.87"/>
               <CodeCaisse V="URSSAF"/>
               <Ordre V="4"/>







            </Cotisation>
            <Cotisation generated-id="d1e485" tag-name="Cotisation">
               <Libelle V="COT. RETRAITE ADD FP"/>
               <Code V="846C" V2="846C"/>
               <Base V="269.51"/>
               <Taux V="5"/>
               <NbUnite V="0"/>
               <Mt V="13.48"/>
               <CodeCaisse V="RAFP"/>
               <Ordre V="6"/>







            </Cotisation>
            <Cotisation generated-id="d1e504" tag-name="Cotisation">
               <Libelle V="CONT SOLID AUTON TIT"/>
               <Code V="864C" V2="864C"/>
               <Base V="1347.58"/>
               <Taux V="0.3"/>
               <NbUnite V="0"/>
               <Mt V="4.04"/>
               <CodeCaisse V="URSSAF"/>
               <Ordre V="5"/>







            </Cotisation>
            <Cotisation generated-id="d1e523" tag-name="Cotisation">
               <Libelle V="COT. C.N.F.P.T"/>
               <Code V="870C" V2="870C"/>
               <Base V="1347.58"/>
               <Taux V="1"/>
               <NbUnite V="0"/>
               <Mt V="13.48"/>
               <CodeCaisse V="CNFPT"/>
               <Ordre V="4"/>







            </Cotisation>




















         </Remuneration>
         <NbHeureTotal V="160.67"/>
         <TauxHor V="0"/>
         <NbHeureSup V="9"/>
         <MtBrut V="1406.23"/>
         <MtNet V="1267.19"/>
         <MtNetAPayer V="1267.19"/>
         <DatePaiement V="2005-04-27"/>
         <MtImposable V="1414.35"/>
         <CumulMtImposable V="6339.6"/>
         <CumulMtBrut V="5557.38"/>
         <CumulBaseSS V="4036.03"/>

















      </PayeIndivMensuel>
   </DonneesIndiv>
</DocumentPaye>