<?xml version="1.0" encoding="UTF-8" standalone="yes"?>
<DocumentPaye xmlns="http://www.minefi.gouv.fr/cp/helios/pes_v2/paye_1_1"
              xmlns:xs="http://www.w3.org/2001/XMLSchema"
              xmlns:n="http://www.minefi.gouv.fr/cp/helios/pes_v2/paye_1_1"
              xmlns:added="http://projets.admisource.gouv.fr/xemelios/namespaces#added"
              xmlns:ano="http://projets.admisource.gouv.fr/xemelios/namespaces#anomally">
   <FileName xmlns="http://projets.admisource.gouv.fr/xemelios/namespaces#added" V="paye.xhl"/>
   <IdVer V="1.1"/>
   <Annee V="2011"/>
   <Mois V="8"/>
   <Train V="AGENTS"/>
   <Employeur>
      <Nom V="Conseil Général du Département Test"
           V2="CONSEIL GÉNÉRAL DU DÉPARTEMENT TEST"/>
      <APE V="789A"/>
      <Adresse>
         <TypAdr V="1"/>
         <Adr1 V="45 rue Lord Kitchener"/>
         <Adr2 V=""/>
         <Adr3 V=""/>
         <CP V="77777"/>
         <Ville V="VILLE"/>
         <CodRes V="0"/>
         <CodPays V="100"/>
         <DteAdr V="2012-01-15"/>








      </Adresse>
      <NumUrssaf V="9999999999"/>
      <Siret V="99999999900017"/>




   </Employeur>
   <DonneesIndiv>
      <PayeIndivMensuel added:primary-key="2011-8-903093">
         <Annee V="2011"/>
         <Mois V="8"/>
         <AnneeMois V="201108"/>
         <Agent>
            <Civilite V="MONSIEUR"/>
            <Nom V="XXXXXXXX" V2="XXXXXXXX"/>
            <ComplNom V="XXXXXXX"/>
            <Prenom V="XXXXXXX" V2="XXXXXXX"/>
            <Matricule V="903093" V2="903093"/>
            <NIR V="1234567890123"/>
            <Adresse>
               <TypAdr V="1"/>
               <Adr1 V="XXXXXXXXX"/>
               <Adr2 V="XXXXXXX"/>
               <Adr3 V="XXXXX"/>
               <CP V="77777"/>
               <Ville V="VILLE"/>
               <CodRes V="0"/>
               <CodPays V="100"/>
               <DteAdr V="2004-06-14"/>








            </Adresse>
            <NbEnfants V="0"/>
            <Statut V="NON_TITULAIRE"/>
            <RefNomenStatutaire desc="TECHNICIEN  TERRITORIAL (BTT1)">
               <Code V="BTT1" V2="BTT1"/>
               <Libelle V="TECHNICIEN  TERRITORIAL"/>

            </RefNomenStatutaire>
            <EmploiMetier V="EMPLOI" V2="EMPLOI"/>
            <Grade V="GRADE"/>
            <Echelon V="6  EME ECHELON"/>
            <Indice V="359"/>
            <CptBancaire rib="xxxxxXXXXXXXXXXXXXXXX99">
               <IdPayInt V=""/>
               <IdBancInt V=""/>
               <CodeEtab V="xxxxx"/>
               <CodeGuic V="XXXXX"/>
               <IdCpte V="XXXXXXXXXXX"/>
               <CleRib V="99"/>
               <LibBanc V="BANQUE NATIONALE DE PARI"/>
               <TitCpte V="XXXXXXXXXXXXXXX"/>
               <DteBanc V="2004-06-14"/>








            </CptBancaire>














         </Agent>
         <Evenement generated-id="d1e123" tag-name="Evenement">
            <Code V="RCL" V2="RCL"/>
            <Description V="RECLASSEMENT INDICIAIRE"/>

         </Evenement>
         <Service V="SERVICE" V2="SERVICE"/>
         <NBI V="0"/>
         <QuotiteTrav V="100"/>
         <Periode>
            <DateDebut V="2005-01-01"/>
            <DateFin V="2005-12-31"/>

         </Periode>
         <Remuneration>
            <TraitBrut generated-id="d1e144" tag-name="TraitBrut">
               <Libelle V="TRAIT.BASE MENS. NT"/>
               <Code V="011N" V2="011N"/>
               <Base V="0"/>
               <Taux V="0"/>
               <NbUnite V="0"/>
               <Mt V="1586.17"/>
               <Ordre V="1"/>






            </TraitBrut>
            <IndemResid generated-id="d1e161" tag-name="IndemResid">
               <Libelle V="INDEMN.RESIDENCE NT"/>
               <Code V="021N" V2="021N"/>
               <Base V="0"/>
               <Taux V="0"/>
               <NbUnite V="0"/>
               <Mt V="47.58"/>
               <CodeCaisse V="AD0001"/>
               <Ordre V="2"/>







            </IndemResid>
            <Indemnite generated-id="d1e180" tag-name="Indemnite">
               <Libelle V="PRIME DE TRAVAUX"/>
               <Code V="245N" V2="245N"/>
               <Base V="0"/>
               <Taux V="1.1"/>
               <NbUnite V="30"/>
               <Mt V="359.67"/>
               <CodeCaisse V="AD0001"/>
               <Ordre V="4"/>







            </Indemnite>
            <Indemnite generated-id="d1e199" tag-name="Indemnite">
               <Libelle V="PRIME SCE RENDEMENT"/>
               <Code V="246N" V2="246N"/>
               <Base V="0"/>
               <Taux V="1.1"/>
               <NbUnite V="30"/>
               <Mt V="75.72"/>
               <CodeCaisse V="AD0001"/>
               <Ordre V="4"/>







            </Indemnite>
            <RemDivers generated-id="d1e218" tag-name="RemDivers">
               <Libelle V="REMBT. TRANSPORT"/>
               <Code V="349N" V2="349N"/>
               <Base V="0"/>
               <Taux V="0"/>
               <NbUnite V="30"/>
               <Mt V="21.27"/>
               <CodeCaisse V="AD0001"/>
               <Ordre V="5"/>







            </RemDivers>
            <Deduction generated-id="d1e238" tag-name="Deduction">
               <Libelle V="COT. SS VIEIL. RG"/>
               <Code V="804C" V2="804C"/>
               <Base V="2032.46"/>
               <Taux V="6.55"/>
               <NbUnite V="0"/>
               <Mt V="133.13"/>
               <CodeCaisse V="URSSAF"/>
               <Ordre V="3"/>







            </Deduction>
            <Deduction generated-id="d1e257" tag-name="Deduction">
               <Libelle V="COT. SS TOT. RG"/>
               <Code V="810C" V2="810C"/>
               <Base V="2032.46"/>
               <Taux V="0.85"/>
               <NbUnite V="0"/>
               <Mt V="17.28"/>
               <CodeCaisse V="URSSAF"/>
               <Ordre V="3"/>







            </Deduction>
            <Deduction generated-id="d1e276" tag-name="Deduction">
               <Libelle V="COT. IRCANTEC A"/>
               <Code V="840C" V2="840C"/>
               <Base V="2032.46"/>
               <Taux V="2.25"/>
               <NbUnite V="0"/>
               <Mt V="45.73"/>
               <CodeCaisse V="IRCANT"/>
               <Ordre V="6"/>







            </Deduction>
            <Deduction generated-id="d1e295" tag-name="Deduction">
               <Libelle V="R.D.S."/>
               <Code V="844C" V2="844C"/>
               <Base V="1971.49"/>
               <Taux V="0.5"/>
               <NbUnite V="0"/>
               <Mt V="9.86"/>
               <CodeCaisse V="URSSAF"/>
               <Ordre V="5"/>







            </Deduction>
            <Deduction generated-id="d1e314" tag-name="Deduction">
               <Libelle V="CSG DEDUCTIBLE"/>
               <Code V="859C" V2="859C"/>
               <Base V="1971.49"/>
               <Taux V="5.1"/>
               <NbUnite V="0"/>
               <Mt V="100.55"/>
               <CodeCaisse V="URSSAF"/>
               <Ordre V="4"/>







            </Deduction>
            <Deduction generated-id="d1e333" tag-name="Deduction">
               <Libelle V="COT. FONDS SOLIDAR."/>
               <Code V="860C" V2="860C"/>
               <Base V="1836.32"/>
               <Taux V="1"/>
               <NbUnite V="0"/>
               <Mt V="18.36"/>
               <CodeCaisse V="SOLID"/>
               <Ordre V="4"/>







            </Deduction>
            <Deduction generated-id="d1e353" tag-name="Deduction">
               <Libelle V="C.S.G."/>
               <Code V="869C" V2="869C"/>
               <Base V="1971.49"/>
               <Taux V="2.4"/>
               <NbUnite V="0"/>
               <Mt V="47.32"/>
               <CodeCaisse V="URSSAF"/>
               <Ordre V="5"/>







            </Deduction>
            <Rappel generated-id="d1e372" tag-name="Rappel">
               <Libelle V="IJSS SUB M INF.A 31"/>
               <Code V="772A" V2="772A"/>
               <Base V="0"/>
               <Taux V="0"/>
               <NbUnite V="0"/>
               <Mt V="-36.68"/>
               <Ordre V="2"/>






            </Rappel>
            <Retenue generated-id="d1e389" tag-name="Retenue">
               <Libelle V="M.N.T."/>
               <Code V="401M" V2="401M"/>
               <Base V="0"/>
               <Taux V="0"/>
               <NbUnite V="0"/>
               <Mt V="51.3"/>
               <CodeCaisse V="MNT"/>
               <Ordre V="6"/>







            </Retenue>
            <Retenue generated-id="d1e408" tag-name="Retenue">
               <Libelle V="PRELEVEM TITRE REPAS"/>
               <Code V="431N" V2="431N"/>
               <Base V="0"/>
               <Taux V="1.53"/>
               <NbUnite V="14"/>
               <Mt V="21.42"/>
               <CodeCaisse V="APDEP"/>
               <Ordre V="6"/>







            </Retenue>
            <Cotisation generated-id="d1e427" tag-name="Cotisation">
               <Libelle V="COT. SS VIEIL. RG"/>
               <Code V="805C" V2="805C"/>
               <Base V="2032.46"/>
               <Taux V="8.2"/>
               <NbUnite V="0"/>
               <Mt V="166.66"/>
               <CodeCaisse V="URSSAF"/>
               <Ordre V="3"/>







            </Cotisation>
            <Cotisation generated-id="d1e446" tag-name="Cotisation">
               <Libelle V="COT.VIEILL.TOT. RG"/>
               <Code V="807C" V2="807C"/>
               <Base V="2032.46"/>
               <Taux V="1.6"/>
               <NbUnite V="0"/>
               <Mt V="32.52"/>
               <CodeCaisse V="URSSAF"/>
               <Ordre V="3"/>







            </Cotisation>
            <Cotisation generated-id="d1e466" tag-name="Cotisation">
               <Libelle V="COT. SS TOT. RG"/>
               <Code V="811C" V2="811C"/>
               <Base V="2032.46"/>
               <Taux V="12.8"/>
               <NbUnite V="0"/>
               <Mt V="260.15"/>
               <CodeCaisse V="URSSAF"/>
               <Ordre V="3"/>







            </Cotisation>
            <Cotisation generated-id="d1e485" tag-name="Cotisation">
               <Libelle V="COT. FNAL PAT. R.G."/>
               <Code V="824C" V2="824C"/>
               <Base V="2032.46"/>
               <Taux V="0.1"/>
               <NbUnite V="0"/>
               <Mt V="2.03"/>
               <CodeCaisse V="URSSAF"/>
               <Ordre V="4"/>







            </Cotisation>
            <Cotisation generated-id="d1e504" tag-name="Cotisation">
               <Libelle V="COT.ALL.FAM/.TOT.RG"/>
               <Code V="826C" V2="826C"/>
               <Base V="2032.46"/>
               <Taux V="5.4"/>
               <NbUnite V="0"/>
               <Mt V="109.75"/>
               <CodeCaisse V="URSSAF"/>
               <Ordre V="4"/>







            </Cotisation>
            <Cotisation generated-id="d1e523" tag-name="Cotisation">
               <Libelle V="COT. ACC. TRAV. RG"/>
               <Code V="827C" V2="827C"/>
               <Base V="2032.46"/>
               <Taux V="0.92"/>
               <NbUnite V="0"/>
               <Mt V="18.7"/>
               <CodeCaisse V="URSSAF"/>
               <Ordre V="4"/>







            </Cotisation>
            <Cotisation generated-id="d1e542" tag-name="Cotisation">
               <Libelle V="COT. IRCANTEC A"/>
               <Code V="841C" V2="841C"/>
               <Base V="2032.46"/>
               <Taux V="3.38"/>
               <NbUnite V="0"/>
               <Mt V="68.7"/>
               <CodeCaisse V="IRCANT"/>
               <Ordre V="6"/>







            </Cotisation>
            <Cotisation generated-id="d1e561" tag-name="Cotisation">
               <Libelle V="TAXE TRANSPORT T. RG"/>
               <Code V="848C" V2="848C"/>
               <Base V="2032.46"/>
               <Taux V="1.4"/>
               <NbUnite V="0"/>
               <Mt V="28.45"/>
               <CodeCaisse V="URSSAF"/>
               <Ordre V="4"/>







            </Cotisation>
            <Cotisation generated-id="d1e581" tag-name="Cotisation">
               <Libelle V="CONT SOLID AUTON NT"/>
               <Code V="866C" V2="866C"/>
               <Base V="2032.46"/>
               <Taux V="0.3"/>
               <NbUnite V="0"/>
               <Mt V="6.1"/>
               <CodeCaisse V="URSSAF"/>
               <Ordre V="3"/>







            </Cotisation>
            <Cotisation generated-id="d1e600" tag-name="Cotisation">
               <Libelle V="COT. C.N.F.P.T"/>
               <Code V="870C" V2="870C"/>
               <Base V="2032.46"/>
               <Taux V="1"/>
               <NbUnite V="0"/>
               <Mt V="20.32"/>
               <CodeCaisse V="CNFPT"/>
               <Ordre V="4"/>







            </Cotisation>
























         </Remuneration>
         <NbHeureTotal V="151.67"/>
         <TauxHor V="0"/>
         <NbHeureSup V="0"/>
         <MtBrut V="1817.92"/>
         <MtNet V="1608.78"/>
         <MtNetAPayer V="1608.78"/>
         <DatePaiement V="2005-04-27"/>
         <MtImposable V="1717.41"/>
         <CumulMtImposable V="6953.94"/>
         <CumulMtBrut V="6197.11"/>
         <CumulBaseSS V="6197.11"/>

















      </PayeIndivMensuel>
   </DonneesIndiv>
</DocumentPaye>