<?xml version="1.0" encoding="UTF-8"?>
<!DOCTYPE log4j:configuration PUBLIC "-//Apache Software Foundation//DTD log4j Configuration 1.0//EN" "log4j.dtd">

<log4j:configuration threshold="all" debug="false" xmlns:log4j="http://jakarta.apache.org/log4j/">

 <appender name="console.appender" class="org.apache.log4j.ConsoleAppender">
  <layout class="org.apache.log4j.PatternLayout">
   <param name="ConversionPattern" value="%-5p [%c{3}] %t: %m%n"/>
  </layout>
 </appender>

 <root>
    <level value="info"/>
    <appender-ref ref="console.appender"/>
 </root>

</log4j:configuration>
